entity,category,role,website_url,discovery_source_url,discovery_source_type,commerce_mode_hint,discovery_status,notes
Bed 4,furniture,retailer,,https://www.emiratesnbd.com.eg/-/media/enbd/Egypt/PDFs/Easy-Installment-Plan/egypt_epp_paymob_merchants_ar.pdf,bank_merchant_list,online,lead_only,Merchant identity and live offer need direct verification
Activ Abou Alaa,clothing,retailer,https://activaboualaa.com/pages/payment-methods,https://www.emiratesnbd.com.eg/-/media/enbd/Egypt/PDFs/Easy-Installment-Plan/egypt_epp_paymob_merchants_ar.pdf,bank_merchant_list,online,lead_only,Merchant identity and live offer need direct verification
Ahw Store (Arab Hard Ware),electronics,retailer,,https://www.emiratesnbd.com.eg/-/media/enbd/Egypt/PDFs/Easy-Installment-Plan/egypt_epp_paymob_merchants_ar.pdf,bank_merchant_list,online,lead_only,Merchant identity and live offer need direct verification
Andora,clothing,retailer,,https://www.emiratesnbd.com.eg/-/media/enbd/Egypt/PDFs/Easy-Installment-Plan/egypt_epp_paymob_merchants_ar.pdf,bank_merchant_list,online,lead_only,Merchant identity and live offer need direct verification
Audio Technology,electronics,retailer,,https://www.emiratesnbd.com.eg/-/media/enbd/Egypt/PDFs/Easy-Installment-Plan/egypt_epp_paymob_merchants_ar.pdf,bank_merchant_list,online_and_pos,lead_only,Merchant identity and live offer need direct verification
Black Circles Egypt,vehicle_parts,retailer,,https://www.emiratesnbd.com.eg/-/media/enbd/Egypt/PDFs/Easy-Installment-Plan/egypt_epp_paymob_merchants_ar.pdf,bank_merchant_list,online,lead_only,Merchant identity and live offer need direct verification
Cairo Cart,home_supplies,retailer,,https://www.emiratesnbd.com.eg/-/media/enbd/Egypt/PDFs/Easy-Installment-Plan/egypt_epp_paymob_merchants_ar.pdf,bank_merchant_list,online,lead_only,Merchant identity and live offer need direct verification
Cherry Berry,cosmetics,retailer,,https://www.emiratesnbd.com.eg/-/media/enbd/Egypt/PDFs/Easy-Installment-Plan/egypt_epp_paymob_merchants_ar.pdf,bank_merchant_list,online,lead_only,Merchant identity and live offer need direct verification
Cotton House,clothing,retailer,,https://www.emiratesnbd.com.eg/-/media/enbd/Egypt/PDFs/Easy-Installment-Plan/egypt_epp_paymob_merchants_ar.pdf,bank_merchant_list,online,lead_only,Merchant identity and live offer need direct verification
Decathlon Egypt,sporting_goods,retailer,https://www.decathlon.eg/en/,https://www.emiratesnbd.com.eg/-/media/enbd/Egypt/PDFs/Easy-Installment-Plan/egypt_epp_paymob_merchants_ar.pdf,bank_merchant_list,online,lead_only,Merchant identity and live offer need direct verification
Dream 2000,electronics,retailer,https://dream2000.com/en/,https://www.emiratesnbd.com.eg/-/media/enbd/Egypt/PDFs/Easy-Installment-Plan/egypt_epp_paymob_merchants_ar.pdf,bank_merchant_list,online_and_pos,lead_only,Merchant identity and live offer need direct verification
Dubai Phone,electronics,retailer,https://www.dubaiphone.net/en/home,https://www.emiratesnbd.com.eg/-/media/enbd/Egypt/PDFs/Easy-Installment-Plan/egypt_epp_paymob_merchants_ar.pdf,bank_merchant_list,online_and_pos,lead_only,Merchant identity and live offer need direct verification
El Doksh Store,cosmetics,retailer,,https://www.emiratesnbd.com.eg/-/media/enbd/Egypt/PDFs/Easy-Installment-Plan/egypt_epp_paymob_merchants_ar.pdf,bank_merchant_list,online,lead_only,Merchant identity and live offer need direct verification
Etisalstore,electronics,retailer,,https://www.emiratesnbd.com.eg/-/media/enbd/Egypt/PDFs/Easy-Installment-Plan/egypt_epp_paymob_merchants_ar.pdf,bank_merchant_list,online,lead_only,Merchant identity and live offer need direct verification
Favelin,cosmetics,retailer,,https://www.emiratesnbd.com.eg/-/media/enbd/Egypt/PDFs/Easy-Installment-Plan/egypt_epp_paymob_merchants_ar.pdf,bank_merchant_list,online,lead_only,Merchant identity and live offer need direct verification
Fix and Fit,vehicle_parts,retailer,,https://www.emiratesnbd.com.eg/-/media/enbd/Egypt/PDFs/Easy-Installment-Plan/egypt_epp_paymob_merchants_ar.pdf,bank_merchant_list,online,lead_only,Merchant identity and live offer need direct verification
Gant Egypt,clothing,retailer,,https://www.emiratesnbd.com.eg/-/media/enbd/Egypt/PDFs/Easy-Installment-Plan/egypt_epp_paymob_merchants_ar.pdf,bank_merchant_list,online,lead_only,Merchant identity and live offer need direct verification
Happy Vision,optics,retailer,,https://www.emiratesnbd.com.eg/-/media/enbd/Egypt/PDFs/Easy-Installment-Plan/egypt_epp_paymob_merchants_ar.pdf,bank_merchant_list,online,lead_only,Merchant identity and live offer need direct verification
Icase Stores,electronics,retailer,,https://www.emiratesnbd.com.eg/-/media/enbd/Egypt/PDFs/Easy-Installment-Plan/egypt_epp_paymob_merchants_ar.pdf,bank_merchant_list,online,lead_only,Merchant identity and live offer need direct verification
Instires,vehicle_parts,retailer,,https://www.emiratesnbd.com.eg/-/media/enbd/Egypt/PDFs/Easy-Installment-Plan/egypt_epp_paymob_merchants_ar.pdf,bank_merchant_list,online,lead_only,Merchant identity and live offer need direct verification
Jlood Fashion Trade,clothing,retailer,,https://www.emiratesnbd.com.eg/-/media/enbd/Egypt/PDFs/Easy-Installment-Plan/egypt_epp_paymob_merchants_ar.pdf,bank_merchant_list,online,lead_only,Merchant identity and live offer need direct verification
Kelvin,home_supplies,retailer,,https://www.emiratesnbd.com.eg/-/media/enbd/Egypt/PDFs/Easy-Installment-Plan/egypt_epp_paymob_merchants_ar.pdf,bank_merchant_list,online,lead_only,Merchant identity and live offer need direct verification
LG Wazen,electronics,retailer,,https://www.emiratesnbd.com.eg/-/media/enbd/Egypt/PDFs/Easy-Installment-Plan/egypt_epp_paymob_merchants_ar.pdf,bank_merchant_list,online,lead_only,Merchant identity and live offer need direct verification
Mansi Eye Wear,optics,retailer,,https://www.emiratesnbd.com.eg/-/media/enbd/Egypt/PDFs/Easy-Installment-Plan/egypt_epp_paymob_merchants_ar.pdf,bank_merchant_list,online,lead_only,Merchant identity and live offer need direct verification
Matalan Egypt,clothing,retailer,,https://www.emiratesnbd.com.eg/-/media/enbd/Egypt/PDFs/Easy-Installment-Plan/egypt_epp_paymob_merchants_ar.pdf,bank_merchant_list,online,lead_only,Merchant identity and live offer need direct verification
Miami Center,electronics,retailer,,https://www.emiratesnbd.com.eg/-/media/enbd/Egypt/PDFs/Easy-Installment-Plan/egypt_epp_paymob_merchants_ar.pdf,bank_merchant_list,online_and_pos,lead_only,Merchant identity and live offer need direct verification
Minlo,home_supplies,retailer,,https://www.emiratesnbd.com.eg/-/media/enbd/Egypt/PDFs/Easy-Installment-Plan/egypt_epp_paymob_merchants_ar.pdf,bank_merchant_list,online,lead_only,Merchant identity and live offer need direct verification
Ofive,clothing,retailer,,https://www.emiratesnbd.com.eg/-/media/enbd/Egypt/PDFs/Easy-Installment-Plan/egypt_epp_paymob_merchants_ar.pdf,bank_merchant_list,online,lead_only,Merchant identity and live offer need direct verification
Raya Shop,electronics,retailer,https://www.rayashop.com/en/zero-interest-zero-down-payment,https://www.emiratesnbd.com.eg/-/media/enbd/Egypt/PDFs/Easy-Installment-Plan/egypt_epp_paymob_merchants_ar.pdf,bank_merchant_list,online,lead_only,Merchant identity and live offer need direct verification
Rhea Beauty,cosmetics,retailer,,https://www.emiratesnbd.com.eg/-/media/enbd/Egypt/PDFs/Easy-Installment-Plan/egypt_epp_paymob_merchants_ar.pdf,bank_merchant_list,online,lead_only,Merchant identity and live offer need direct verification
Rizkalla,home_supplies,retailer,,https://www.emiratesnbd.com.eg/-/media/enbd/Egypt/PDFs/Easy-Installment-Plan/egypt_epp_paymob_merchants_ar.pdf,bank_merchant_list,online_and_pos,lead_only,Merchant identity and live offer need direct verification
Rush Brush,cosmetics,retailer,,https://www.emiratesnbd.com.eg/-/media/enbd/Egypt/PDFs/Easy-Installment-Plan/egypt_epp_paymob_merchants_ar.pdf,bank_merchant_list,online,lead_only,Merchant identity and live offer need direct verification
Shatta,home_supplies,retailer,,https://www.emiratesnbd.com.eg/-/media/enbd/Egypt/PDFs/Easy-Installment-Plan/egypt_epp_paymob_merchants_ar.pdf,bank_merchant_list,online,lead_only,Merchant identity and live offer need direct verification
Shosh Arabia,cosmetics,retailer,,https://www.emiratesnbd.com.eg/-/media/enbd/Egypt/PDFs/Easy-Installment-Plan/egypt_epp_paymob_merchants_ar.pdf,bank_merchant_list,online,lead_only,Merchant identity and live offer need direct verification
Sigma Fit,sports_club,service_provider,,https://www.emiratesnbd.com.eg/-/media/enbd/Egypt/PDFs/Easy-Installment-Plan/egypt_epp_paymob_merchants_ar.pdf,bank_merchant_list,online,lead_only,Merchant identity and live offer need direct verification
Ustores,mixed,retailer,,https://www.emiratesnbd.com.eg/-/media/enbd/Egypt/PDFs/Easy-Installment-Plan/egypt_epp_paymob_merchants_ar.pdf,bank_merchant_list,online,lead_only,Merchant identity and live offer need direct verification
Vodafone eShop,mobile_phones,retailer,https://eshop.vodafone.com.eg/en/prod/i-phone-17?Color=White&Storage=256,https://www.emiratesnbd.com.eg/-/media/enbd/Egypt/PDFs/Easy-Installment-Plan/egypt_epp_paymob_merchants_ar.pdf,bank_merchant_list,online,lead_only,Merchant identity and live offer need direct verification
Waffarha,mixed,marketplace,,https://www.emiratesnbd.com.eg/-/media/enbd/Egypt/PDFs/Easy-Installment-Plan/egypt_epp_paymob_merchants_ar.pdf,bank_merchant_list,online,lead_only,Merchant identity and live offer need direct verification
Zacshop,cosmetics,retailer,,https://www.emiratesnbd.com.eg/-/media/enbd/Egypt/PDFs/Easy-Installment-Plan/egypt_epp_paymob_merchants_ar.pdf,bank_merchant_list,online,lead_only,Merchant identity and live offer need direct verification
Zammit,mixed,marketplace,,https://www.emiratesnbd.com.eg/-/media/enbd/Egypt/PDFs/Easy-Installment-Plan/egypt_epp_paymob_merchants_ar.pdf,bank_merchant_list,online,lead_only,Merchant identity and live offer need direct verification
Panther Company,home_goods,marketplace_seller,,https://www.noon.com/egypt-en/air-freshener-3-distinctive-perfumes-my-way-air-freshener-and-furniture/Z1A59B6F2B8D29D79A563Z/p/,marketplace_product_index,marketplace_online,search_indexed_unverified_current,Indexed listing names seller and monthly payments but current checkout is unverified
bright store egy,home_appliances,marketplace_seller,,https://www.amazon.eg/-/en/Carrier-Optimax-Inverter-Cooling-Conditioner/dp/B091JK238K,marketplace_product_index,marketplace_online,search_indexed_unverified_current,Indexed listing names seller and installments but current checkout is unverified
zerostore.app,beauty,marketplace_seller,,https://www.amazon.eg/-/en/Roche-Posay-Anthelios-Dermo-Pediatrics-Spf50-Lotion/dp/B00V4XXAAE,marketplace_product_index,marketplace_online,search_indexed_unverified_current,Indexed listing names seller and installments but current checkout is unverified
