stage,category,entity,role,vendor,source_url,required_terms,claim,ranking_metric,ranking_period,ranking_source_url,claim_scope,commerce_mode,payment_model,financing_entity,discovery_source_url,offer_start,offer_end
product_market,laptops,B.TECH,retailer,,https://blog.btech.com/mylo-installments-by-btech/,laptops;installment|instalment,B.TECH describes laptop instalments through Mylo,,,,category_offer,online_offer_checkout_unverified,deferred_or_instalments,Mylo,https://blog.btech.com/mylo-installments-by-btech/,,
product_market,laptops,2B,retailer,,https://2b.com.eg/en/installment_offers,laptop;installment|instalment,2B advertises bank instalment offers,,,,category_offer,online_offer_checkout_unverified,deferred_or_instalments,,https://2b.com.eg/en/installment_offers,,
product_market,laptops,Contact,finance_provider,,https://contact.eg/en/products/contact-now,laptop;installment,Contact advertises laptop purchase financing,,,,category_offer,online_offer_checkout_unverified,deferred_or_instalments,Contact,https://contact.eg/en/products/contact-now,,
product_market,laptops,Aman,finance_provider,,https://aman.eg/en/service/shop-online/,installment;laptop|computer,Aman store describes instalment options for electronics,,,,category_offer,online_offer_checkout_unverified,deferred_or_instalments,Aman,https://aman.eg/en/service/shop-online/,,
product_market,laptops,Jumia Egypt,marketplace,,https://www.jumia.com.eg/mlp-installments/,Installment Laptops;installment,Jumia lists laptops in its instalment catalogue,,,,platform_category,marketplace_online,deferred_or_instalments,,https://www.jumia.com.eg/mlp-installments/,,
product_market,laptops,Amazon Egypt,marketplace,,https://www.amazon.eg/-/en/ASUS-FA506NCR-HN007W-7-7435HS-DDR5-512GB/dp/B0DFWXDBMY,installments;ASUS,Amazon Egypt displays an instalment plan on a laptop listing,,,,platform_category,marketplace_online,deferred_or_instalments,,https://www.amazon.eg/-/en/ASUS-FA506NCR-HN007W-7-7435HS-DDR5-512GB/dp/B0DFWXDBMY,,
product_market,laptops,Raya Shop,retailer,,https://www.rayashop.com/en/zero-interest-zero-down-payment,Installment Laptops;Takseety,Raya Shop advertises laptop instalments,Raya Trade FY2025 revenue EGP 23823m including non-Egypt activity,FY2025,https://rayacorp.com/wp-content/uploads/2026/04/Raya-Holding-Earning-Release-FY2025-EN.pdf,category_offer,online_offer_checkout_unverified,deferred_or_instalments,,https://www.rayashop.com/en/zero-interest-zero-down-payment,,
product_market,laptops,Dream 2000,retailer,,https://dream2000.com/en/products/asus-proart-p16-h7606wp-rj192ws-laptop-amd-ryzen-ai-9-hx-370-64gb-ram-2tb-m-2-nvme-nvidia-rtx-5070-8gb-16-0-4k-oled-60hz-win11-nano-black,Installment Options;Laptop,Dream 2000 displays instalments on a laptop listing,,,,category_offer,online_offer_checkout_unverified,deferred_or_instalments,,https://dream2000.com/en/products/asus-proart-p16-h7606wp-rj192ws-laptop-amd-ryzen-ai-9-hx-370-64gb-ram-2tb-m-2-nvme-nvidia-rtx-5070-8gb-16-0-4k-oled-60hz-win11-nano-black,,
product_market,laptops,Dubai Phone,retailer,,https://www.dubaiphone.net/en/home,Laptops;Installments,Dubai Phone advertises electronics instalments,,,,category_offer,online_offer_checkout_unverified,deferred_or_instalments,,https://www.dubaiphone.net/en/home,,
product_market,mobile_phones,B.TECH,retailer,,https://blog.btech.com/mylo-installments-by-btech/,smartphones;installment|instalment,B.TECH describes phone instalments through Mylo,,,,category_offer,online_offer_checkout_unverified,deferred_or_instalments,Mylo,https://blog.btech.com/mylo-installments-by-btech/,,
product_market,mobile_phones,2B,retailer,,https://2b.com.eg/en/installment_offers,mobile|smartphone|phone;installment|instalment,2B advertises bank instalment offers,,,,category_offer,online_offer_checkout_unverified,deferred_or_instalments,,https://2b.com.eg/en/installment_offers,,
product_market,mobile_phones,Contact,finance_provider,,https://contact.eg/en/products/contact-now,smartphone;payment plans,Contact advertises phone purchase financing,,,,category_offer,online_offer_checkout_unverified,deferred_or_instalments,Contact,https://contact.eg/en/products/contact-now,,
product_market,mobile_phones,Aman,finance_provider,,https://aman.eg/en/service/shop-online/,mobile;installment,Aman store advertises phone instalments,,,,category_offer,online_offer_checkout_unverified,deferred_or_instalments,Aman,https://aman.eg/en/service/shop-online/,,
product_market,mobile_phones,Orange Egypt,retailer,,https://shop.orange.eg/en/,mobiles;installment,Orange Egypt shop describes phone instalments,,,,category_offer,online_offer_checkout_unverified,deferred_or_instalments,,https://shop.orange.eg/en/,,
product_market,mobile_phones,Jumia Egypt,marketplace,,https://www.jumia.com.eg/mlp-installments/,Installment Cell Phones;installment,Jumia lists phones in its instalment catalogue,,,,platform_category,marketplace_online,deferred_or_instalments,,https://www.jumia.com.eg/mlp-installments/,,
product_market,mobile_phones,Amazon Egypt,marketplace,,https://www.amazon.eg/-/en/Samsung-Smartphone-Graphite-Upgrades-Warranty/dp/B0DZHP3Q8M,installments;Samsung,Amazon Egypt displays an instalment plan on a phone listing,,,,platform_category,marketplace_online,deferred_or_instalments,,https://www.amazon.eg/-/en/Samsung-Smartphone-Graphite-Upgrades-Warranty/dp/B0DZHP3Q8M,,
product_market,mobile_phones,Raya Shop,retailer,,https://www.rayashop.com/en/zero-interest-zero-down-payment,Installment Mobiles;Takseety,Raya Shop advertises mobile phone instalments,Raya Trade FY2025 revenue EGP 23823m including non-Egypt activity,FY2025,https://rayacorp.com/wp-content/uploads/2026/04/Raya-Holding-Earning-Release-FY2025-EN.pdf,category_offer,online_offer_checkout_unverified,deferred_or_instalments,,https://www.rayashop.com/en/zero-interest-zero-down-payment,,
product_market,mobile_phones,Dream 2000,retailer,,https://dream2000.com/en/products/galaxy-a07,Installment Options;Galaxy A07,Dream 2000 displays instalments on a phone listing,,,,category_offer,online_offer_checkout_unverified,deferred_or_instalments,,https://dream2000.com/en/products/galaxy-a07,,
product_market,mobile_phones,Dubai Phone,retailer,,https://www.dubaiphone.net/en/home,Installments;Smart phone,Dubai Phone advertises phone instalments,,,,category_offer,online_offer_checkout_unverified,deferred_or_instalments,,https://www.dubaiphone.net/en/home,,
product_market,mobile_phones,Telecom Egypt WE,retailer,,https://www.te.eg/en/personal/mobile/we-mobile,mobile handset;Installment,WE Gold offers phone instalments,,,,category_offer,online_offer_checkout_unverified,deferred_or_instalments,,https://www.te.eg/en/personal/mobile/we-mobile,,
product_market,cars,Contact,finance_provider,,https://contact.eg/en/products/auto,car financing;installment,Contact offers new and used car instalment finance,,,,category_offer,online_offer_checkout_unverified,deferred_or_instalments,Contact,https://contact.eg/en/products/auto,,
product_market,cars,Contact Cars,auto_marketplace,,https://www.contactcars.com/en/auto-finance,car;installment,Contact Cars advertises car purchase financing,,,,category_offer,online_offer_checkout_unverified,deferred_or_instalments,,https://www.contactcars.com/en/auto-finance,,
product_market,cars,Sylndr,retailer,,https://www.sylndr.com/en,car;financing,Sylndr advertises car financing,,,,category_offer,online_offer_checkout_unverified,deferred_or_instalments,,https://www.sylndr.com/en,,
product_market,cars,Nissan Egypt,manufacturer_sales_channel,,https://en.nissan.com.eg/shop-at-home.html,financing;dealer,Nissan Egypt directs buyers to dealers to discuss finance terms,,,,category_offer,online_offer_checkout_unverified,deferred_or_instalments,,https://en.nissan.com.eg/shop-at-home.html,,
product_market,cars,GB Auto,distributor_sales_channel,,https://gb-auto.com/en/,installment;GB Auto,GB Auto mentions instalment options,,,,category_offer,online_offer_checkout_unverified,deferred_or_instalments,,https://gb-auto.com/en/,,
product_market,cars,CIB,bank,,https://www.cibeg.com/en/personal/epp/car-finance,car finance;installments,CIB offers car finance repaid in instalments,,,,category_offer,online_offer_checkout_unverified,deferred_or_instalments,CIB,https://www.cibeg.com/en/personal/epp/car-finance,,
product_market,cars,Banque Misr,bank,,https://www.banquemisr.com/en/SMEs/Retail-Banking/Pages/Auto-Loan,Auto Loan;installment,Banque Misr offers auto loans,,,,category_offer,online_offer_checkout_unverified,deferred_or_instalments,Banque Misr,https://www.banquemisr.com/en/SMEs/Retail-Banking/Pages/Auto-Loan,,
product_market,cars,EG Bank,bank,,https://www.eg-bank.com/En/Finance,Auto Murabaha;installments,EG Bank lists car financing with instalments,,,,category_offer,online_offer_checkout_unverified,deferred_or_instalments,EG Bank,https://www.eg-bank.com/En/Finance,,
online_vendor,mixed,Amazon Egypt,marketplace,Amazon Egypt,https://www.amazon.eg/-/en/Samsung-Smartphone-Graphite-Upgrades-Warranty/dp/B0DZHP3Q8M,installments;bank,Amazon Egypt product page describes bank instalment plans,,,,platform_payment_option,marketplace_online,deferred_or_instalments,,https://www.amazon.eg/-/en/Samsung-Smartphone-Graphite-Upgrades-Warranty/dp/B0DZHP3Q8M,,
online_vendor,mixed,Noon Egypt,marketplace,Noon Egypt,https://www.noon.com/egypt-en/,installments;valU,Noon advertises Valu BNPL,,,,platform_payment_option,marketplace_online,deferred_or_instalments,,https://www.noon.com/egypt-en/,,
online_vendor,mixed,National Bank of Egypt,bank,Noon Egypt,https://www.noon.com/egypt-en/,installments;National Bank of Egypt,Noon names National Bank of Egypt as an instalment bank,,,,named_payment_partner,platform_payment_option,deferred_or_instalments,National Bank of Egypt,https://www.noon.com/egypt-en/,,
online_vendor,mixed,CIB,bank,Noon Egypt,https://www.noon.com/egypt-en/,installments;CIB,Noon names CIB as an instalment bank,,,,named_payment_partner,platform_payment_option,deferred_or_instalments,CIB,https://www.noon.com/egypt-en/,,
online_vendor,mixed,Banque Misr,bank,Noon Egypt,https://www.noon.com/egypt-en/,installments;Banque Misr,Noon names Banque Misr as an instalment bank,,,,named_payment_partner,platform_payment_option,deferred_or_instalments,Banque Misr,https://www.noon.com/egypt-en/,,
online_vendor,mixed,HSBC,bank,Noon Egypt,https://www.noon.com/egypt-en/,installments;HSBC,Noon names HSBC as an instalment bank,,,,named_payment_partner,platform_payment_option,deferred_or_instalments,HSBC,https://www.noon.com/egypt-en/,,
online_vendor,mixed,Emirates NBD,bank,Noon Egypt,https://www.noon.com/egypt-en/,installments;Emirates NBD,Noon names Emirates NBD as an instalment bank,,,,named_payment_partner,platform_payment_option,deferred_or_instalments,Emirates NBD,https://www.noon.com/egypt-en/,,
online_vendor,mixed,Temu,marketplace,Temu,,,No reviewed Egypt-specific public instalment source identified,,,,platform_payment_option,marketplace_online,deferred_or_instalments,,,,
online_vendor,mixed,Jumia Egypt,marketplace,Jumia Egypt,https://www.jumia.com.eg/mlp-installments/,installment;Jumia,Jumia advertises instalment checkout,,,,platform_payment_option,marketplace_online,deferred_or_instalments,,https://www.jumia.com.eg/mlp-installments/,,
online_vendor,mixed,valU,finance_provider,Jumia Egypt,https://www.jumia.com.eg/mlp-installments/,installment;valU,Jumia lists Valu as a finance option,,,,named_payment_partner,platform_payment_option,deferred_or_instalments,valU,https://www.jumia.com.eg/mlp-installments/,,
online_vendor,mixed,Souhoola,finance_provider,Jumia Egypt,https://www.jumia.com.eg/mlp-installments/,installment;Souhoola,Jumia lists Souhoola as a finance option,,,,named_payment_partner,platform_payment_option,deferred_or_instalments,Souhoola,https://www.jumia.com.eg/mlp-installments/,,
online_vendor,mixed,ALEXBANK,bank,Jumia Egypt,https://www.jumia.com.eg/mlp-installments/,installment;ALEXBANK,Jumia lists ALEXBANK as an instalment bank,,,,named_payment_partner,platform_payment_option,deferred_or_instalments,ALEXBANK,https://www.jumia.com.eg/mlp-installments/,,
online_vendor,mixed,Banque Misr,bank,Jumia Egypt,https://www.jumia.com.eg/mlp-installments/,installment;Banque Misr,Jumia lists Banque Misr as an instalment bank,,,,named_payment_partner,platform_payment_option,deferred_or_instalments,Banque Misr,https://www.jumia.com.eg/mlp-installments/,,
online_vendor,mixed,HSBC,bank,Jumia Egypt,https://www.jumia.com.eg/mlp-installments/,installment;HSBC,Jumia lists HSBC as an instalment bank,,,,named_payment_partner,platform_payment_option,deferred_or_instalments,HSBC,https://www.jumia.com.eg/mlp-installments/,,
online_vendor,mixed,FAB Misr,bank,Jumia Egypt,https://www.jumia.com.eg/mlp-installments/,installment;FAB Misr,Jumia lists FAB Misr as an instalment bank,,,,named_payment_partner,platform_payment_option,deferred_or_instalments,FAB Misr,https://www.jumia.com.eg/mlp-installments/,,
online_vendor,mixed,QNB,bank,Jumia Egypt,https://www.jumia.com.eg/mlp-installments/,installment;QNB,Jumia lists QNB as an instalment bank,,,,named_payment_partner,platform_payment_option,deferred_or_instalments,QNB,https://www.jumia.com.eg/mlp-installments/,,
online_vendor,mixed,Ahli United Bank,bank,Jumia Egypt,https://www.jumia.com.eg/mlp-installments/,installment;Ahli United Bank,Jumia lists Ahli United Bank as an instalment bank,,,,named_payment_partner,platform_payment_option,deferred_or_instalments,Ahli United Bank,https://www.jumia.com.eg/mlp-installments/,,
online_vendor,mixed,AliExpress,marketplace,AliExpress,,,No reviewed Egypt-specific public instalment source identified,,,,platform_payment_option,marketplace_online,deferred_or_instalments,,,,
online_vendor,mixed,B.TECH,retailer,B.TECH,https://btech.com/en/mylo-explore,installment;mylo,B.TECH offers Mylo instalments,,,,named_payment_partner,platform_payment_option,deferred_or_instalments,,https://btech.com/en/mylo-explore,,
online_vendor,mixed,Mylo,finance_provider,B.TECH,https://btech.com/en/mylo-explore,installment;mylo,B.TECH identifies Mylo as its instalment method,,,,named_payment_partner,platform_payment_option,deferred_or_instalments,Mylo,https://btech.com/en/mylo-explore,,
online_vendor,mixed,2B,retailer,2B,https://2b.com.eg/en/installment_offers,installment;bank,2B advertises bank instalments,,,,named_payment_partner,platform_payment_option,deferred_or_instalments,,https://2b.com.eg/en/installment_offers,,
real_estate,property,Talaat Moustafa Group,developer,,https://talaatmostafa.com/noor-ra04/,Installments;Noor,Noor project advertises property instalments,,,,developer_project_plan,online_advertised_checkout_unverified,developer_deferred_payment,,https://talaatmostafa.com/noor-ra04/,,
real_estate,property,Mountain View,developer,,https://www.mountainviewegypt.com/projects/evia,Years installment;Down Payment,Evia project advertises property instalments,,,,developer_project_plan,online_advertised_checkout_unverified,developer_deferred_payment,,https://www.mountainviewegypt.com/projects/evia,,
real_estate,property,SODIC,developer,,https://www.sodic.com/our-developments/june/june/june,Payment Plan;8 Years,June project advertises a multiyear payment plan,,,,developer_project_plan,online_advertised_checkout_unverified,developer_deferred_payment,,https://www.sodic.com/our-developments/june/june/june,,
real_estate,property,Madinet Masr,developer,,https://madinetmasr.com/en/innovation-labs/touba,installments;Touba,Touba describes a property payment plan,,,,developer_project_plan,online_advertised_checkout_unverified,developer_deferred_payment,,https://madinetmasr.com/en/innovation-labs/touba,,
real_estate,property,Misr Italia Properties,developer,,https://www.misritaliaproperties.com/developments/solare,Payment Plan;Solare,Solare project provides a payment plan calculator,,,,developer_project_plan,online_advertised_checkout_unverified,developer_deferred_payment,,https://www.misritaliaproperties.com/developments/solare,,
direct_store,furniture,IKEA Egypt,retailer,,https://www.ikea.com/eg/en/customer-service/services/finance-options/,furniture;installments,IKEA advertises furniture instalments,,,,seller_category,online_site_checkout_unverified,third_party_instalments,,https://www.ikea.com/eg/en/customer-service/services/finance-options/,,
direct_store,furniture,IKEA Egypt,retailer,,https://www.ikea.com/eg/en/customer-service/services/finance-options/,valU;installments,IKEA names valU as an instalment option,,,,named_payment_partner,in_store_or_online_unverified,third_party_instalments,valU,https://www.ikea.com/eg/en/customer-service/services/finance-options/,,
direct_store,furniture,IKEA Egypt,retailer,,https://www.ikea.com/eg/en/customer-service/services/finance-options/,Sympl;payments,IKEA names Sympl as a deferred-payment option,,,,named_payment_partner,in_store_or_online_unverified,third_party_deferred,Sympl,https://www.ikea.com/eg/en/customer-service/services/finance-options/,,
direct_store,furniture,IKEA Egypt,retailer,,https://www.ikea.com/eg/en/customer-service/services/finance-options/,Souhoola;installments,IKEA names Souhoola as an instalment option,,,,named_payment_partner,in_store_or_online_unverified,third_party_instalments,Souhoola,https://www.ikea.com/eg/en/customer-service/services/finance-options/,,
direct_store,furniture,Smart Furniture,retailer,,https://smartfurniture.com.eg/installments/,Smart Furniture;installments,Smart Furniture advertises instalments,,,,seller_category,online_site_checkout_unverified,third_party_instalments,,https://smartfurniture.com.eg/installments/,,
direct_store,furniture,Smart Furniture,retailer,,https://smartfurniture.com.eg/installments/,ValU;installments,Smart Furniture names ValU for instalments,,,,named_payment_partner,online_site_checkout_unverified,third_party_instalments,ValU,https://smartfurniture.com.eg/installments/,,
direct_store,furniture,Smart Furniture,retailer,,https://smartfurniture.com.eg/installments/,Halan;installments,Smart Furniture names Halan for instalments,,,,named_payment_partner,online_site_checkout_unverified,third_party_instalments,Halan,https://smartfurniture.com.eg/installments/,,
direct_store,furniture,Smart Furniture,retailer,,https://smartfurniture.com.eg/installments/,Contact;installments,Smart Furniture names Contact for instalments,,,,named_payment_partner,online_site_checkout_unverified,third_party_instalments,Contact,https://smartfurniture.com.eg/installments/,,
direct_store,furniture,Smart Furniture,retailer,,https://smartfurniture.com.eg/installments/,Souhoola;installments,Smart Furniture names Souhoola for instalments,,,,named_payment_partner,online_site_checkout_unverified,third_party_instalments,Souhoola,https://smartfurniture.com.eg/installments/,,
direct_store,furniture,Smart Furniture,retailer,,https://smartfurniture.com.eg/installments/,Forsa;installments,Smart Furniture names Forsa for instalments,,,,named_payment_partner,online_site_checkout_unverified,third_party_instalments,Forsa,https://smartfurniture.com.eg/installments/,,
direct_store,mobile_phones,Vodafone eShop,retailer,,https://web.vodafone.com.eg/en/installments-program,Galaxy A04s;installments,Vodafone advertises phone instalments and links its eShop,,,,seller_category,online_site_checkout_unverified,third_party_instalments,Contact,https://web.vodafone.com.eg/en/installments-program,,
direct_store,mobile_phones,Vodafone eShop,retailer,,https://eshop.vodafone.com.eg/en/prod/i-phone-17?Color=White&Storage=256,iPhone 17;installments,Vodafone eShop lists instalments on an iPhone product page,,,,seller_product,online_product_listing,unknown,,https://eshop.vodafone.com.eg/en/prod/i-phone-17?Color=White&Storage=256,,
direct_store,home_appliances,El Araby Group,retailer,,https://www.elarabygroup.com/ar/offers-and-discounts/11,تقسط;أونلاين,El Araby describes online appliance shopping with instalments,,,,seller_category,online_site_checkout_unverified,instalments,,https://www.elarabygroup.com/ar/offers-and-discounts/11,,
direct_store,clothing,Activ Abou Alaa,retailer,,https://activaboualaa.com/pages/payment-methods,Payment Methods;Bank Installment,Activ lists bank instalments among its online payment methods,,,,seller_site_payment_option,online_payment_page,bank_card_instalments,,https://activaboualaa.com/pages/payment-methods,,
direct_store,clothing,Town Team,retailer,,https://townteam.com/policies/terms-of-service,ValU;Souhoola,Town Team lists deferred-payment providers among accepted methods,,,,named_payment_partners,online_payment_terms,third_party_deferred,ValU|Souhoola,https://townteam.com/policies/terms-of-service,,
direct_store,mixed,Carrefour Egypt,retailer,,https://www.carrefouregypt.com/mafegy/en/helpcenter/topics/236?articleId=4607,Online orders;valU,Carrefour help center discusses valU-financed online orders,,,,seller_site_payment_policy,online_payment_policy,third_party_instalments,valU,https://www.carrefouregypt.com/mafegy/en/helpcenter/topics/236?articleId=4607,,
services,medical,Vezeeta Shamel,service_platform,,https://www.vezeeta.com/en/shamel,Pay in Installments;valU,Vezeeta Shamel displays a valU instalment payment option,,,,service_payment_option,online_subscription,third_party_instalments,valU,https://www.vezeeta.com/en/shamel,,
services,education,Contact,finance_provider,,https://contact.eg/en/products/education,education fee installments;12 months,Contact advertises education fee instalment finance,,,,provider_category,online_application_or_branch,consumer_finance,Contact,https://contact.eg/en/products/education,,
online_vendor,home_appliances,Jumia Egypt,marketplace_seller,Jumia Egypt,https://www.jumia.com.eg/unionaire-rd-320vva-dash-310l-defrost-refrigerator-2-doors-silver-128950095.html,Seller Information;Jumia,Jumia product listing identifies Jumia as the seller,,,,marketplace_seller_identity,marketplace_product_listing,installments_unattributed,,https://www.jumia.com.eg/unionaire-rd-320vva-dash-310l-defrost-refrigerator-2-doors-silver-128950095.html,,
online_vendor,home_appliances,Jumia Egypt,marketplace_seller,Jumia Egypt,https://www.jumia.com.eg/unionaire-rd-320vva-dash-310l-defrost-refrigerator-2-doors-silver-128950095.html,supports installment plans,Jumia product description mentions instalment plans,,,,marketplace_product_payment_description,marketplace_product_listing,installments_unattributed,,https://www.jumia.com.eg/unionaire-rd-320vva-dash-310l-defrost-refrigerator-2-doors-silver-128950095.html,,
direct_store,beauty_appliances,RUSHBRUSH,retailer,,https://www.rushbrush.com/eg-en/payment/installment,RUSHBRUSH;Installment Plans,RUSHBRUSH advertises online and branch instalments,,,,seller_category,online_and_branch,third_party_instalments,,https://www.rushbrush.com/eg-en/payment/installment,,
direct_store,beauty_appliances,RUSHBRUSH,retailer,,https://www.rushbrush.com/eg-en/payment/installment,Valu;pay over 3 months,RUSHBRUSH names Valu for instalments,,,,named_payment_partner,online_and_branch,third_party_instalments,Valu,https://www.rushbrush.com/eg-en/payment/installment,,
direct_store,beauty_appliances,RUSHBRUSH,retailer,,https://www.rushbrush.com/eg-en/payment/installment,Souhoola;pay over 6-60 months,RUSHBRUSH names Souhoola for instalments,,,,named_payment_partner,online_and_branch,third_party_instalments,Souhoola,https://www.rushbrush.com/eg-en/payment/installment,,
direct_store,mobile_phones,Dubai Phone,retailer,,https://www.dubaiphone.net/en/shop/vivo-y05-dual-sim-128gb-4gb-ram-4g,Vivo Y05;installment,Dubai Phone lists a phone with monthly instalment pricing,,,,seller_product,online_product_listing,third_party_instalments,,https://www.dubaiphone.net/en/shop/vivo-y05-dual-sim-128gb-4gb-ram-4g,,
direct_store,mobile_phones,Dubai Phone,retailer,,https://www.dubaiphone.net/en/shop/vivo-y05-dual-sim-128gb-4gb-ram-4g,VALU;15 Months,Dubai Phone names Valu on the phone listing,,,,named_payment_partner,online_product_listing,third_party_instalments,Valu,https://www.dubaiphone.net/en/shop/vivo-y05-dual-sim-128gb-4gb-ram-4g,,
direct_store,jewelry,Jawhara,retailer,,https://jawharaegypt.com/pages/payment-installments,Payment & Installments;Installment plans,Jawhara publishes jewellery instalment methods,,,,seller_category,online_payment_page,third_party_instalments,,https://jawharaegypt.com/pages/payment-installments,,
direct_store,jewelry,Jawhara,retailer,,https://jawharaegypt.com/pages/payment-installments,Souhoola;valU,Jawhara names deferred-payment partners,,,,named_payment_partners,online_payment_page,third_party_instalments,Souhoola|valU,https://jawharaegypt.com/pages/payment-installments,,
direct_store,jewelry,Jewels by Galla,retailer,,https://jewelsbygalla.com/eg/en/,Buy Now Pay Later;Valu,Jewels by Galla advertises Valu instalments for jewellery,,,,seller_site_payment_option,online_site_checkout_unverified,third_party_instalments,Valu,https://jewelsbygalla.com/eg/en/,,
direct_store,jewelry,Lazurde Egypt,retailer,,https://www.lazurde.com/en-eg,installment payment plans;valu,Lazurde Egypt describes jewellery instalments via Valu,,,,seller_site_payment_option,online_site_checkout_unverified,third_party_instalments,Valu,https://www.lazurde.com/en-eg,,
services,medical,Vienna Dental Clinic,service_seller,,https://viennadentalclinic.com/en/insurance-financing,treatment;consumer-finance,Vienna Dental Clinic describes third-party treatment finance,,,,service_payment_option,clinic_or_online_unverified,third_party_instalments,,https://viennadentalclinic.com/en/insurance-financing,,
services,medical,Vienna Dental Clinic,service_seller,,https://viennadentalclinic.com/en/insurance-financing,ValU;financing provider,Vienna Dental Clinic names ValU near its financing process,,,,named_payment_partner,clinic_or_online_unverified,third_party_instalments,ValU,https://viennadentalclinic.com/en/insurance-financing,,
