licence_key,fra_register_type,fra_register_role,licence_number,company_number,name_ar_observed,name_ar_current,former_names_ar,latin_text_in_name_ar,name_en_observed,licence_date,address,other_licences_same_company,brands,brand_link_status,website_url,corporate_contact,market_db_labels,pilot,evidence_urls,fra_detail_url,fra_captured_on,open_questions
fra:consumer_finance:1,consumer_finance,licensed_consumer_finance_company,1,555090,كونتكت للتمويل,كونتكت للتمويل,,,CONTACT CAR TRADING,2020-04-16,7 شارع شامبليون - التحرير,,Contact,verified,https://contact.eg,Info@contact.eg; 16177,Contact,yes,https://fra.gov.eg/company_records/company-record-1n-4/,https://fra.gov.eg/company_records/company-record-1n-4/,2026-10-02,confirm seller vs financier roles per arrangement from the customer agreement
fra:consumer_finance:6,consumer_finance,licensed_consumer_finance_company,6,7725098,بلتون للتمويل الاستهلاكي (سفن) بل كاش سابقا (بلتون لخدمات البيع بالتقسيط سابقا,بلتون للتمويل الاستهلاكي (سفن),بل كاش | بلتون لخدمات البيع بالتقسيط,,Beltone Consumer Finance- Seven,2020-08-06,مبنى ادارى (2)بلوك(2) كمبوند ايست تاون قطعة (16) الامتداد الشرقى للمستثمرين الحنوبية - قطاع الاندلس - القاهرة الجديدة,,seven,lead,https://www.beltoneholding.com/NBFIs/consumer-finance,,,,https://www.dailynewsegypt.com/2023/09/25/beltone-rebrands-its-consumer-finance-subsidiary-belcash-to-seven/,https://fra.gov.eg/company_records/company-record-6n-4/,2026-10-02,brand link is a lead only; confirm seller vs financier roles per arrangement from the customer agreement
fra:consumer_finance:8,consumer_finance,licensed_consumer_finance_company,8,555292,سكاي فاينانس للتمويل الاستهلاكي ( سكاي فاينانس لتقسيط السيارات سابقا ),سكاي فاينانس للتمويل الاستهلاكي,سكاي فاينانس لتقسيط السيارات,,sky Finance S.A.E,2020-08-18,برج (0215) بمشروع وان قطامية - قطعة الارض (N2) تقسيم الاستثمار -الوحدة الادارية الدور 11 - منطقة القطامية,,Sky Finance,lead,https://sf.sky.eg/,,,,https://sf.sky.eg/,https://fra.gov.eg/company_records/company-record-8n-2/,2026-10-02,brand link is a lead only; confirm seller vs financier roles per arrangement from the customer agreement
fra:consumer_finance:10,consumer_finance,licensed_consumer_finance_company,10,5501167,بي ام للتمويل الاستهلاكي سهوله SAE(سي اي للتمويل الاستهلاكي سهوله سابقا),بي ام للتمويل الاستهلاكي سهوله SAE,سي اي للتمويل الاستهلاكي سهوله,SAE,CI Consumer Finance Souhoola co.,2020-09-24,مبنى رقم ( 0216 ) وان قطامية - ابراج المرشدى - القطامية - القاهرة,,Souhoola | سهولة,verified,https://souhoola.com,help@souhoola.com; 15227,Souhoola,yes,https://souhoola.com/terms-conditions,https://fra.gov.eg/company_records/company-record-10n-2/,2026-10-02,confirm seller vs financier roles per arrangement from the customer agreement
fra:consumer_finance:13,consumer_finance,licensed_consumer_finance_company,13,5501163,يو للتمويل الاستهلاكي ( فاليو للتمويل الاستهلاكي(سايقا)) VALU CONSUMER FINANCE فاليو لخدمات البيع بالتقسيط VAIU سابقا,يو للتمويل الاستهلاكي,فاليو للتمويل الاستهلاكي | VALU CONSUMER FINANCE فاليو لخدمات البيع بالتقسيط VAIU,,U Consumer Finance,2020-10-21,VW (406-407-408-409) الدور الأول فوق الارضى الكائن بالمركز التجارى (اركان 2) الشيخ زايد - الجيزة,,valU | فاليو,established,https://valugroup.com,,ValU | Valu | valU,yes,https://valugroup.com/terms-and-conditions,https://fra.gov.eg/company_records/company-record-13n-2/,2026-10-02,confirm seller vs financier roles per arrangement from the customer agreement
fra:consumer_finance:14,consumer_finance,licensed_consumer_finance_company,14,555217,رواج للتمويل الاستهلاكي ( رواج لتجاره السيارات سابقا ),رواج للتمويل الاستهلاكي,رواج لتجاره السيارات,,Rawaj Finance Co.,2020-11-01,37 جامعة الدول العربية - مبنى الفؤاد الادارى - المهندسين- الجيزة,,Rawaj,lead,https://rawaj-egypt.com,,,,https://rawaj-egypt.com/about-us/,https://fra.gov.eg/company_records/company-record-14n-3/,2026-10-02,brand link is a lead only; confirm seller vs financier roles per arrangement from the customer agreement
fra:consumer_finance:15,consumer_finance,licensed_consumer_finance_company,15,661018,بريميوم انترناشيونال لخدمات التمويل (بريميوم انترناشونال لخدمات الائتمان سابقا ),بريميوم انترناشيونال لخدمات التمويل,بريميوم انترناشونال لخدمات الائتمان,,premium card,2020-11-15,6 شارع عقبة بن نافع - الدقى,,Premium Card,lead,https://premiumcard.net,,,,https://www.dailynewsegypt.com/2023/10/23/premium-international-to-offer-egp-2-3bn-financing-during-2024/,https://fra.gov.eg/company_records/company-record-15n-3/,2026-10-02,brand link is a lead only; confirm seller vs financier roles per arrangement from the customer agreement
fra:consumer_finance:16,consumer_finance,licensed_consumer_finance_company,16,555348,جميل للتمويل (عبد اللطيف جميل للتمويل سابقا)( الشركه العالميه المتحده للتجاره (المباشر) سابقا ),جميل للتمويل الشركه العالميه المتحده للتجاره,عبد اللطيف جميل للتمويل | المباشر,,Al Jfinance co.,2020-12-03,220 شارع التسعين الشمالى القطاع الثانى - التجمع الخامس القاهرة,,ALJ Finance,lead,https://www.aljfinance.com.eg,,,,https://www.aljfinance.com.eg/,https://fra.gov.eg/company_records/company-record-16n-2/,2026-10-02,brand link is a lead only; confirm seller vs financier roles per arrangement from the customer agreement
fra:consumer_finance:22,consumer_finance,licensed_consumer_finance_company,22,676025,بلنك للتمويل الاستهلاكي,بلنك للتمويل الاستهلاكي,,,Blnk Consumer finance co.,2021-04-04,وحده E1 المنطقة E - مول العرب - بوابة 5 - ميدان جهينة -مدينة 6 أكتوبر,,Blnk,lead,,,,,https://techcrunch.com/2022/11/10/blnk-a-fintech-that-provides-instant-consumer-credit-in-egypt-raises-32m-in-debt-and-equity/,https://fra.gov.eg/company_records/company-record-22n-3/,2026-10-02,brand link is a lead only; confirm seller vs financier roles per arrangement from the customer agreement
fra:consumer_finance:23,consumer_finance,licensed_consumer_finance_company,23,676006,حالا للتمويل الاستهلاكي,حالا للتمويل الاستهلاكي,,,Halan for consumer finance co.,2021-05-31,2 شارع لبنان - العجوزة - جيزة,,Halan,verified,https://halan.com,Info@halan.com; 16303,Halan,yes,https://halan.com/personal-lending/,https://fra.gov.eg/company_records/company-record-23n-3/,2026-10-02,confirm seller vs financier roles per arrangement from the customer agreement
fra:consumer_finance:26,consumer_finance,licensed_consumer_finance_company,26,7721179,درايف للتمويل والخدمات الماليه غير المصرفيه (درايف للتخصيم DRIVE FINANCEسابقا ),درايف للتمويل والخدمات الماليه غير المصرفيه,درايف للتخصيم DRIVE FINANCE,,Drive Finance,2021-07-04,الدور الأول علوى بالعقار المقام على القطعة (7) بمنطققة المعارض القطامية الطريق الدائرى- التجمع الثالث,fra:factoring:3,Forsa | Drive Finance,established,https://www.forsaegypt.com,ask@forsaegypt.com; drive-info@drive-finance.com,Forsa,yes,https://www.forsaegypt.com/ar/privacy,https://fra.gov.eg/company_records/company-record-26n-3/,2026-10-02,confirm seller vs financier roles per arrangement from the customer agreement
fra:consumer_finance:27,consumer_finance,licensed_consumer_finance_company,27,676027,ابو ظبي الاسلامي للتمويل الاستهلاكي,ابو ظبي الاسلامي للتمويل الاستهلاكي,,,ADI consumer Finance,2021-08-24,9أ شارع رستم - جاردن سيتى - القاهرة,,Takka,lead,https://www.adib.eg/Subsidiaries/adiconsumerfinance,,,,https://www.adib.eg/Subsidiaries/adiconsumerfinance,https://fra.gov.eg/company_records/company-record-27n-2/,2026-10-02,brand link is a lead only; confirm seller vs financier roles per arrangement from the customer agreement
fra:consumer_finance:28,consumer_finance,licensed_consumer_finance_company,28,676028,جلوبال كورب للتمويل الاستهلاكي والعقاري(اولين),جلوبال كورب للتمويل الاستهلاكي والعقاري(اولين),,,Global Corp consumer finance ollin,2021-09-28,المبنى الإدارى التجارى - الدور 1- قطعة 21- كومبوند ريفرووك -المستثمريين القاهرة الجديدة,fra:mortgage:21,Ollin,lead,https://ollin.com.eg,,,,https://ollin.com.eg/about,https://fra.gov.eg/company_records/company-record-28n-2/,2026-10-02,brand link is a lead only; confirm seller vs financier roles per arrangement from the customer agreement
fra:consumer_finance:29,consumer_finance,licensed_consumer_finance_company,29,671092,ام ال اف للتمويل العقاري و التاجير التمويلي و التخصيم,ام ال اف للتمويل العقاري و التاجير التمويلي و التخصيم,,,MLF finance co.,2021-11-21,2 المحور المركزى الجنوبى - الشيخ زايد - الجيزة,fra:factoring:11 | fra:leasing:295 | fra:mortgage:17,MLF Finance,lead,https://mlf-finance.com,,,,https://mlf-finance.com/about-us/,https://fra.gov.eg/company_records/company-record-29n-2/,2026-10-02,brand link is a lead only; confirm seller vs financier roles per arrangement from the customer agreement
fra:consumer_finance:30,consumer_finance,licensed_consumer_finance_company,30,676029,فوري للتمويل الاستهلاكي,فوري للتمويل الاستهلاكي,,,Fawry Consumer Finance,2021-12-20,بقطعة الارض رقم F21- B221 بالقرية الذكية - طريق مصر اسكندرية الصحراوى- الجيزة,,myfawry taqseet,lead,https://www.fawry.com/bnplbuy-now-pay-later/,,,,https://www.fawry.com/bnplbuy-now-pay-later/,https://fra.gov.eg/company_records/company-record-30n-2/,2026-10-02,brand link is a lead only; confirm seller vs financier roles per arrangement from the customer agreement
fra:consumer_finance:31,consumer_finance,licensed_consumer_finance_company,31,676031,بدايتي للتمويل الاستهلاكي,بدايتي للتمويل الاستهلاكي,,,No data exists,2022-03-08,14 شارع حسن محمد الرزاز العجوزة,,Bedayti,lead,https://bedayti.com/en,,,,https://www.zawya.com/en/business/egypts-ekh-ready-to-enter-nbfs-through-launching-bedayti-l5df3f66,https://fra.gov.eg/company_records/company-record-31n-2/,2026-10-02,brand link is a lead only; confirm seller vs financier roles per arrangement from the customer agreement
fra:consumer_finance:32,consumer_finance,licensed_consumer_finance_company,32,676032,ميد بنك للتمويل الاستهلاكي موجو (ميد بنك للتمويل الاستهلاكي ميد تقسيط سابقا),ميد بنك للتمويل الاستهلاكي موجو,ميد بنك للتمويل الاستهلاكي ميد تقسيط,,"Mid Bank for Consumer Finance ""Mid Takseet""",2022-04-17,21 ب شارع جامعة الدول العربية - برج بن لادن الادارى- الدور 4- المهندسين - الجيزة,,MOGO,lead,https://midtakseet.com,,,,https://www.dailynewsegypt.com/2024/12/04/mid-takseet-rebrands-as-mogo-increases-capital-to-egp-225m/,https://fra.gov.eg/company_records/company-record-32n-2/,2026-10-02,brand link is a lead only; confirm seller vs financier roles per arrangement from the customer agreement
fra:consumer_finance:33,consumer_finance,licensed_consumer_finance_company,33,676033,كونتكت كريدي تك للتمويل الاستهلاكي CONTACT CREDITECH,كونتكت كريدي تك للتمويل الاستهلاكي CONTACT CREDITECH,,CONTACT CREDITECH,Contact Credi Tech S.A.E,2022-04-28,7 شارع شامبليون - التحرير- القاهرة,,Contact,established,https://contact.eg,Info@contact.eg; 16177,Contact,yes,https://contact.eg/terms-and-conditions-en.pdf,https://fra.gov.eg/company_records/company-record-33n/,2026-10-02,confirm seller vs financier roles per arrangement from the customer agreement
fra:consumer_finance:34,consumer_finance,licensed_consumer_finance_company,34,676034,وان فاينانس لخدمات التمويل الاستهلاكي (المصريه لخدمات التمويل الاستهلاكي سابقا),وان فاينانس لخدمات التمويل الاستهلاكي,المصريه لخدمات التمويل الاستهلاكي,,one Finance co.,2022-04-28,119 بمشروع وان قطامية- الطريق الدائرى- الدور العاشر -المقطم -القاهرة,,One Finance,lead,https://onefinance.com.eg,,,,https://onefinance.com.eg/,https://fra.gov.eg/company_records/company-record-34n/,2026-10-02,brand link is a lead only; confirm seller vs financier roles per arrangement from the customer agreement
fra:consumer_finance:36,consumer_finance,licensed_consumer_finance_company,36,676036,شهري للتمويل الاستهلاكي,شهري للتمويل الاستهلاكي,,,654,2022-08-04,28 شارع الفلكى - باب اللوق - عابدين - القاهرة,,Shahry,lead,https://shahry.app,,,,https://www.paymentsjournal.com/will-carbon-and-shahry-usher-in-a-wave-of-buy-now-pay-later-services-in-africa/,https://fra.gov.eg/company_records/company-record-36n/,2026-10-02,brand link is a lead only; confirm seller vs financier roles per arrangement from the customer agreement
fra:consumer_finance:37,consumer_finance,licensed_consumer_finance_company,37,676037,خزنه للتمويل الاستهلاكي ( فاروس للتمويل الاستهلاكي سابقا),خزنه للتمويل الاستهلاكي,فاروس للتمويل الاستهلاكي,,No data exists,2022-09-15,15 ميدان سفنكس - المهندسين - الجيزة,,Khazna,lead,https://www.khazna.app,,,,https://techcrunch.com/2022/03/31/egyptian-financial-super-app-khazna-raises-38m-from-quona-capital-and-lendable/,https://fra.gov.eg/company_records/company-record-37n/,2026-10-02,brand link is a lead only; confirm seller vs financier roles per arrangement from the customer agreement
fra:consumer_finance:39,consumer_finance,licensed_consumer_finance_company,39,7725665,الكان فاينانس للخدمات الماليه ALKAN FINANCE FOR FINANCIAL SERVICES,الكان فاينانس للخدمات الماليه ALKAN FINANCE FOR FINANCIAL SERVICES,,ALKAN FINANCE FOR FINANCIAL SERVICES,alkan finance for financial services,2022-09-15,مشروع بارك افينيو - الشيخ زايد - الوحدة D303/3/PAO الدور الثالث - الوحدة D400/4/PAO الدور الرابع - الوحدة D424D/4/PAO,,Alkan Finance,lead,https://alkanholding.com,,,,https://cbonds.com/company/601817/,https://fra.gov.eg/company_records/company-record-39n/,2026-10-02,brand link is a lead only; confirm seller vs financier roles per arrangement from the customer agreement
fra:consumer_finance:40,consumer_finance,licensed_consumer_finance_company,40,676040,اور للتمويل الاستهلاكي,اور للتمويل الاستهلاكي,,,.,2022-10-23,وحدهA111 - اركيديا مول - كورنيش النيل,,AUR Consumer Finance,lead,,,,,https://www.dailynewsegypt.com/2023/10/15/aur-consumer-finance-to-launch-egp-300m-securitization-bond-issuance-soon/,https://fra.gov.eg/company_records/company-record-40n/,2026-10-02,brand link is a lead only; confirm seller vs financier roles per arrangement from the customer agreement
fra:consumer_finance:43,consumer_finance,licensed_consumer_finance_company,43,67639,امان للتمويل الاستهلاكي,امان للتمويل الاستهلاكي,,,Aman Consumer Finance (S.A.M),2023-02-05,"عقار 688 رمزية من 673 رمزية من 256 رمزية ص 5 كدستر بحوض سولرس رقم 20 قسم ثانبناحية وقسم البساتين,المعادي,القاهرة",,Aman,verified,https://aman.eg,19910,Aman,yes,https://aman.eg/en/service/get-aman-installment-limit/,https://fra.gov.eg/company_records/company-record-43n/,2026-10-02,confirm seller vs financier roles per arrangement from the customer agreement
fra:consumer_finance:45,consumer_finance,licensed_consumer_finance_company,45,67641,جاست للتمويل الاستهلاكي ( وان للتمويل الاستهلاكي سابقا ),جاست للتمويل الاستهلاكي,وان للتمويل الاستهلاكي,,Just Finance (S.A.E),2023-10-04,المبنى الادارى B1 كمبواند مفيدا - التجمع الجامس - القاهرة الجديدة,,Just Finance,lead,https://justfinance-eg.com,,,,https://www.linkedin.com/company/just-finance-egypt,https://fra.gov.eg/company_records/company-record-45n/,2026-10-02,brand link is a lead only; confirm seller vs financier roles per arrangement from the customer agreement
fra:consumer_finance:46,consumer_finance,licensed_consumer_finance_company,46,67644,اوتو للتمويل الاستهلاكي,اوتو للتمويل الاستهلاكي,,,O2 FINANCE,2023-11-30,القاهرة الجديدة - الوحدة S6 - الدور الثانى المبنى رقم B مشروع 5 أ - بمنطقة السياحية,,O2 Finance,lead,https://o2-finance.com,,,,https://o2-finance.com/about-us/,https://fra.gov.eg/company_records/company-record-46n/,2026-10-02,brand link is a lead only; confirm seller vs financier roles per arrangement from the customer agreement
fra:consumer_finance:47,consumer_finance,licensed_consumer_finance_company,47,67643,معاك للتمويل الاستهلاكي,معاك للتمويل الاستهلاكي,,,.,2024-04-15,16 ز شارع احمد عبد العزيز - تقسيم الجمعية التعاونية بالهيئة المصرية لللاتصالات السلكية واللاسلكية - المعادى الجديدة,,معاك,lead,,,,,,https://fra.gov.eg/company_records/company-record-47n/,2026-10-02,brand link is a lead only; confirm seller vs financier roles per arrangement from the customer agreement
fra:consumer_finance:48,consumer_finance,licensed_consumer_finance_company,48,67648,بي تك للتمويل BTECH FINANCE SAE,بي تك للتمويل BTECH FINANCE SAE,,BTECH FINANCE SAE,B.TECH Finance S.A.E,2024-05-19,قطعة رقم N2 الدور الأول بالبرج رقم (0215) - تقسيم الاستثمار بمنطقة القطامية - مشروع وان قطامية - القاهرة,,mylo | مايلو | B.TECH,verified,https://btech.com/en/mylo-explore,,Mylo,yes,https://btech.com/en/mylo-explore,https://fra.gov.eg/company_records/company-record-48n/,2026-10-02,confirm seller vs financier roles per arrangement from the customer agreement
fra:consumer_finance:49,consumer_finance,licensed_consumer_finance_company,49,67647,جلوبال كونتكت للتمويل الاستهلاكي GLOBAL CONTACT FINANCE,جلوبال كونتكت للتمويل الاستهلاكي GLOBAL CONTACT FINANCE,,GLOBAL CONTACT FINANCE,No data exists,2024-08-06,7شارع شمبليون التحرير قصر النيل,,Contact,lead,,,Contact,,https://fra.gov.eg/company_records/company-record-49n/,https://fra.gov.eg/company_records/company-record-49n/,2026-10-02,brand link is a lead only; confirm seller vs financier roles per arrangement from the customer agreement
fra:consumer_finance:50,consumer_finance,licensed_consumer_finance_company,50,5591216,باي اند جو للتمويل الاستهلاكي (باي اند جو للتوكيلات التجاريه BUY AND GO سابقا ),باي اند جو للتمويل الاستهلاكي,باي اند جو للتوكيلات التجاريه BUY AND GO,,No data exists,2025-01-19,57 شارع فلسطين - المعادى الجديدة - القاهرة,,Buy and Go,lead,,,,,https://amwalalghad.com/2024/12/19/%D8%A8%D8%A7%D9%8A-%D8%A7%D9%86%D8%AF-%D8%AC%D9%88-%D8%AA%D9%82%D8%AA%D8%B1%D8%A8-%D9%85%D9%86-%D8%A7%D9%84%D8%AD%D8%B5%D9%88%D9%84-%D8%B9%D9%84%D9%89-%D8%B1%D8%AE%D8%B5%D8%A9-%D9%85%D8%B2/,https://fra.gov.eg/company_records/company-record-50n/,2026-10-02,brand link is a lead only; confirm seller vs financier roles per arrangement from the customer agreement
fra:consumer_finance:51,consumer_finance,licensed_consumer_finance_company,51,67652,لايم للتمويل الاستهلاكي LIMA CONSUMER FINANCE,لايم للتمويل الاستهلاكي LIMA CONSUMER FINANCE,,LIMA CONSUMER FINANCE,Lime Consumer Finance,2025-03-12,القطعة رقم 84 - شارع التسعين الجنوبى - التجمع الخامس - القاهرة الجديدة,,Lime,lead,,,,,https://www.wamda.com/2025/07/fab-lime-app-enters-egypt-fintech-scene-9-4-million-investment-arabic,https://fra.gov.eg/company_records/company-record-51n/,2026-10-02,brand link is a lead only; confirm seller vs financier roles per arrangement from the customer agreement
fra:consumer_finance:52,consumer_finance,licensed_consumer_finance_company,52,67649,برافو للتمويل الاستهلاكي BRAVO FINANCE,برافو للتمويل الاستهلاكي BRAVO FINANCE,,BRAVO FINANCE,No data exists,2025-04-13,7 شارع شامبليون - التحرير - القاهرة,,Bravo,lead,,,,,https://fra.gov.eg/en/company_records/%D8%A8%D8%B1%D8%A7%D9%81%D9%88-%D9%84%D9%84%D8%AA%D9%85%D9%88%D9%8A%D9%84-%D8%A7%D9%84%D8%A7%D8%B3%D8%AA%D9%87%D9%84%D8%A7%D9%83%D9%8A-bravo-finance/,https://fra.gov.eg/company_records/company-record-52n/,2026-10-02,brand link is a lead only; confirm seller vs financier roles per arrangement from the customer agreement
fra:consumer_finance:53,consumer_finance,licensed_consumer_finance_company,53,67651,كليفر للتمويل الاستهلاكي KLIVVR FOR CONSUMER FINANCE,كليفر للتمويل الاستهلاكي KLIVVR FOR CONSUMER FINANCE,,KLIVVR FOR CONSUMER FINANCE,No data exists,2025-04-30,3 شارع ابو الفدا - الزمالك - البرج الإدارى - الدور السابع - القاهرة,,Klivvr,lead,https://klivvr.com,,,,https://www.zawya.com/en/economy/north-africa/egypt-sahl-klivvr-partner-to-enable-installment-payments-through-mobile-app-412357,https://fra.gov.eg/company_records/company-record-53n/,2026-10-02,brand link is a lead only; confirm seller vs financier roles per arrangement from the customer agreement
fra:consumer_finance:54,consumer_finance,licensed_consumer_finance_company,54,676057,الجو للتمويل الاستهلاكي ( اورايون للتمويل الاستهلاكي سابقا ),الجو للتمويل الاستهلاكي,اورايون للتمويل الاستهلاكي,,Algo Finance,2026-01-18,القرية الذكية - مبنى ( B214 - F5 . B215 - F6 ) طريق مصر اسكندرية الصحراوى - جيزة,,algo,lead,,,,,https://amwalalghad.com/2026/01/19/%D8%A7%D9%84%D8%B1%D9%82%D8%A7%D8%A8%D8%A9-%D8%A7%D9%84%D9%85%D8%A7%D9%84%D9%8A%D8%A9-%D8%AA%D9%85%D9%86%D8%AD-%D8%B4%D8%B1%D9%83%D8%A9-%D8%A3%D9%88%D8%B1%D8%A7%D9%8A%D9%88%D9%86-algo/,https://fra.gov.eg/company_records/company-record-54n/,2026-10-02,brand link is a lead only; confirm seller vs financier roles per arrangement from the customer agreement
fra:consumer_finance:55,consumer_finance,licensed_consumer_finance_company,55,67642,ملاذ للتمويل الاستهلاكي,ملاذ للتمويل الاستهلاكي,,,No data exists,2026-05-19,158 - الحى الاول - المنطقة السادسة - التجمع الخامس - القاهرة الجديدة,,Malaz,lead,,,,,https://arabic.cnn.com/middle-east/article/2026/09/06/egypt-economy-cairo-education,https://fra.gov.eg/company_records/company-record-55n/,2026-10-02,brand link is a lead only; confirm seller vs financier roles per arrangement from the customer agreement
fra:consumer_finance:56,consumer_finance,licensed_consumer_finance_company,56,666525,كوربليس للتاجير التمويلي مصر كورب ليس,كوربليس للتاجير التمويلي مصر كورب ليس,,,No data exists,2026-08-24,مبنى 2112 B-لقرية الذكية الكيلو 28- طريق مصر اسكندرية الصحراوى,fra:factoring:25 | fra:leasing:202,Corplease,lead,,,,,,https://fra.gov.eg/company_records/company-record-56n/,2026-10-02,brand link is a lead only; confirm seller vs financier roles per arrangement from the customer agreement
fra:consumer_finance:company-67650,consumer_finance,licensed_consumer_finance_company,No data exists,67650,ادفا للتمويل الاستهلاكي ADVA CONSUMER FINANCE,ادفا للتمويل الاستهلاكي ADVA CONSUMER FINANCE,,ADVA CONSUMER FINANCE,ADVACOSUMERFINANCE,2026-01-15,3شارع 218دجلة المعادى القاهرة,,ADVA,lead,,,,,https://www.forbesmiddleeast.com/money/fintech/maseera-holding-acquires-egypt-based-consumer-finance-firm-adva-for-undisclosed-amount,https://fra.gov.eg/company_records/company-record-67650c/,2026-10-02,brand link is a lead only; confirm seller vs financier roles per arrangement from the customer agreement
fra:consumer_finance:company-67653,consumer_finance,licensed_consumer_finance_company,No data exists,67653,منزل للتمويل الاستهلاكي والتمويل العقاري (منزل فين للتمويل الاستهلاكي والتمويل العقاري سابقا ),منزل للتمويل الاستهلاكي والتمويل العقاري,منزل فين للتمويل الاستهلاكي والتمويل العقاري,,MANZEL TAMWEEL,2025-12-15,30 شارع العروبة - هليوبوليس - مصر الجديدة - القاهرة,fra:mortgage:company-67653,Manzel Fin,lead,,,,,,https://fra.gov.eg/company_records/company-record-67653c-2/,2026-10-02,brand link is a lead only; confirm seller vs financier roles per arrangement from the customer agreement
fra:consumer_finance:company-67654,consumer_finance,licensed_consumer_finance_company,No data exists,67654,تيلدا للتمويل الاستهلاكي,تيلدا للتمويل الاستهلاكي,,,TELDA CONSUMER FINANCE,2026-03-16,الوحدات الادارية ( 0216 - 91 ) ، (0216 - 92 ) ، (0216 - 93 ) بالبرج رقم 0216 - وان قطامية - القاهرة,,Telda,lead,https://telda.app,,,,https://egyptinnovate.com/en/news/fra-approves-teldas-license-to-operate-in-consumer-finance,https://fra.gov.eg/company_records/company-record-67654c/,2026-10-02,brand link is a lead only; confirm seller vs financier roles per arrangement from the customer agreement
fra:consumer_finance_providers:2,consumer_finance_providers,registered_seller_or_service_provider_financing_own_sales,2,7732773,امان للخدمات الماليه,امان للخدمات الماليه,,,No data exists,2020-04-16,الوحدة N 3، 4 بالمبنى الشمالى - الدور 4- بمجمع جالريا 40 محور كريزى واتر -الشيخ زايد -6 اكتوبر -الجيزة,,Aman,lead,https://aman.eg/ar/,,Aman,yes,https://amwalalghad.com/2020/04/28/%D8%A3%D9%85%D8%A7%D9%86-%D8%AA%D8%AD%D8%B5%D9%84-%D8%B9%D9%84%D9%89-%D8%AA%D8%B1%D8%AE%D9%8A%D8%B5-%D9%85%D9%8F%D9%82%D8%AF%D9%85-%D8%AE%D8%AF%D9%85%D8%A9-%D8%AA%D9%85%D9%88%D9%8A/,https://fra.gov.eg/company_records/company-record-2n-4/,2026-10-02,brand link is a lead only; confirm the provider sells and finances its own goods in the selected arrangement
fra:consumer_finance_providers:3,consumer_finance_providers,registered_seller_or_service_provider_financing_own_sales,3,550893,رايه للالكترونيات RAYA ELECTRONICS,رايه للالكترونيات RAYA ELECTRONICS,,RAYA ELECTRONICS,Raya Corp co.,2020-07-14,مبنى شركة راية خلف دار الفؤاد - 6 أكتوبر,,Raya | Takseety,verified,https://www.rayashop.com/ar/installments | https://www.rayashop.com/en/installments,support@rayashop.com,,,https://www.rayashop.com/ar/installments | https://www.rayashop.com/en/installments,https://fra.gov.eg/company_records/company-record-3n-4/,2026-10-02,confirm the provider sells and finances its own goods in the selected arrangement
fra:consumer_finance_providers:7,consumer_finance_providers,registered_seller_or_service_provider_financing_own_sales,7,552038,بي تك للتجاره والتوزيع,بي تك للتجاره والتوزيع,,,.,2020-08-18,مبني بي تك امتداد شارع رمسيس - الحي السادس - مدينة نصر,,B.TECH | minicash | ميني كاش,established,https://btech.com,,,yes,https://btech.com/ar/terms-and-conditions,https://fra.gov.eg/company_records/company-record-7n-3/,2026-10-02,confirm the provider sells and finances its own goods in the selected arrangement
fra:consumer_finance_providers:11,consumer_finance_providers,registered_seller_or_service_provider_financing_own_sales,11,5501092,ار اي زد جروب للتجاره RIZ GROUP FOR TRADING,ار اي زد جروب للتجاره RIZ GROUP FOR TRADING,,RIZ GROUP FOR TRADING,RIZ Group for Tranding co.,2020-10-06,102 ب شارع الميرغنى - مصر الجديدة,,Rizkalla,lead,https://riz.shop,,,,https://riz.shop/en/pages/customer-individual-installment,https://fra.gov.eg/company_records/company-record-11n-4/,2026-10-02,brand link is a lead only; confirm the provider sells and finances its own goods in the selected arrangement
fra:consumer_finance_providers:17,consumer_finance_providers,registered_seller_or_service_provider_financing_own_sales,17,676026,عز العرب كونتكت فايننشال,عز العرب كونتكت فايننشال,,,Contact co.,2021-01-31,7 شارع شامبليون - التحرير - القاهرة,,Contact,lead,,,Contact,,,https://fra.gov.eg/company_records/company-record-17n-2/,2026-10-02,brand link is a lead only; confirm the provider sells and finances its own goods in the selected arrangement
fra:consumer_finance_providers:18,consumer_finance_providers,registered_seller_or_service_provider_financing_own_sales,18,676023,اس ام جي لخدمات التقسيط,اس ام جي لخدمات التقسيط,,,S.M.G co.,2021-01-31,7 شارع شامبليون - التحرير - القاهرة,,SMG,lead,,,,,https://www.alborsaanews.com/2019/07/14/1224834,https://fra.gov.eg/company_records/company-record-18n-3/,2026-10-02,brand link is a lead only; confirm the provider sells and finances its own goods in the selected arrangement
fra:consumer_finance_providers:19,consumer_finance_providers,registered_seller_or_service_provider_financing_own_sales,19,676021,كونتكت لتقسيط السيارات ( كونتكت المصريه العالميه لتقسيط السيارات سابقا ),كونتكت لتقسيط السيارات,كونتكت المصريه العالميه لتقسيط السيارات,,contact,2021-03-07,7 شارع شامبليون - التحرير - القاهرة,,Contact,lead,,,Contact,,,https://fra.gov.eg/company_records/company-record-19n-2/,2026-10-02,brand link is a lead only; confirm the provider sells and finances its own goods in the selected arrangement
fra:consumer_finance_providers:21,consumer_finance_providers,registered_seller_or_service_provider_financing_own_sales,21,550909,مشروعي للتجاره (خدمات استشارات الميكروتمويل مشروعي سابقا ),مشروعي للتجاره,خدمات استشارات الميكروتمويل مشروعي,,Mashroey,2021-03-07,3 ش لبنان - قسم العجوزة - الجيزة,,Mashroey,lead,https://mashroey.com,,,,https://mashroey.com/%D8%AA%D9%82%D8%AF%D9%8A%D9%85-%D8%B7%D9%84%D8%A8-%D8%B4%D8%B1%D8%A7%D8%A1/,https://fra.gov.eg/company_records/company-record-21n-3/,2026-10-02,brand link is a lead only; confirm the provider sells and finances its own goods in the selected arrangement
fra:consumer_finance_providers:24,consumer_finance_providers,registered_seller_or_service_provider_financing_own_sales,24,676007,بافاريان كونتكت لتجاره السيارات,بافاريان كونتكت لتجاره السيارات,,,No data exists,2021-05-30,7 شارع شامبليون - التحرير - القاهرة,,Contact,lead,,,Contact,,,https://fra.gov.eg/company_records/company-record-24n-3/,2026-10-02,brand link is a lead only; confirm the provider sells and finances its own goods in the selected arrangement
fra:consumer_finance_providers:25,consumer_finance_providers,registered_seller_or_service_provider_financing_own_sales,25,676024,ستار لتقسيط السيارات,ستار لتقسيط السيارات,,,No data exists,2021-05-30,7 شارع شامبليون - التحرير - القاهرة,,Star,lead,,,,,,https://fra.gov.eg/company_records/company-record-25n-3/,2026-10-02,brand link is a lead only; confirm the provider sells and finances its own goods in the selected arrangement
fra:consumer_finance_providers:35,consumer_finance_providers,registered_seller_or_service_provider_financing_own_sales,35,676035,ابو غالي لخدمات التقسيط,ابو غالي لخدمات التقسيط,,,No data exists,2022-07-21,7 شارع شامبليون - التحرير - القاهرة,,Abu Ghaly Motors,lead,,,,,,https://fra.gov.eg/company_records/company-record-35n/,2026-10-02,brand link is a lead only; confirm the provider sells and finances its own goods in the selected arrangement
fra:consumer_finance_providers:38,consumer_finance_providers,registered_seller_or_service_provider_financing_own_sales,38,336624,فاين استون للاستثمارات,فاين استون للاستثمارات,,,No data exists,2022-09-15,72شارع عباس العقاد مدينة نصر,,,unlinked,,,,,,https://fra.gov.eg/company_records/company-record-38n-2/,2026-10-02,brand/website not yet linked; confirm the provider sells and finances its own goods in the selected arrangement
fra:consumer_finance_providers:41,consumer_finance_providers,registered_seller_or_service_provider_financing_own_sales,41,448001,اورنج مصر للاتصالات,اورنج مصر للاتصالات,,,No data exists,2022-11-21,1191 ش كورنيش النيل - مركز التجارة العالمى- القاهرة,,Orange Egypt,lead,,,,,https://www.telecompaper.com/news/orange-egypt-signs-cooperation-agreement-with-contact-creditech--1461894,https://fra.gov.eg/company_records/company-record-41n/,2026-10-02,brand link is a lead only; confirm the provider sells and finances its own goods in the selected arrangement
