sha256,kind_hint,fra_link_text,url,found_on,pages,text_chars,text_layer,terms_by_page,raw_path
b9662b361d39b431bfc24eaf6068345f226d9decfe5ed7c127a2681854141816,board_decree,Click here.,https://fra.gov.eg/wp-content/uploads/2024/10/بيان-قرارات-مجلس-الادارة.pdf,https://fra.gov.eg/en/صناديق-الاستثمار-الإسلامية/,5,9132,arabic_text,model_contract:p2; sharia_committee:p3,data/runtime/artifacts/l6_scrape/fra_documents/2026-10-02/raw/b9662b361d39b431bfc24eaf6068345f226d9decfe5ed7c127a2681854141816.pdf
6727203f12f097526773b1cb09ba22413cc21d7aaaf5a8537cf4f78b4573365c,board_decree,Decision of the FRA’s Board of Directors No. 147 of 2024,https://fra.gov.eg/wp-content/uploads/2024/10/قرار-مجلس-إدارة-الهيئة-رقم-147-لسنة-2024-.pdf,https://fra.gov.eg/en/التأمين-التكافلي/,1,967,mostly_latin_or_garbled (check page images),,data/runtime/artifacts/l6_scrape/fra_documents/2026-10-02/raw/6727203f12f097526773b1cb09ba22413cc21d7aaaf5a8537cf4f78b4573365c.pdf
e0576980a38d876d3dc6d165359872bca6d6da2809d6ef8508b4e6e4e22cf53c,board_decree,Decision of the FRA’s Board of Directors No. 194 of 2022 concerning the amendment of licensing regulations for conversion from Takaful to conventional insurance,https://fra.gov.eg/wp-content/uploads/2024/10/قرار-مجلس-إدارة-الهيئة-رقم-194-لسنة-2022بشأن-تعديل-ضوابط-الترخيص-من-التكافل-إلى-التجارى.pdf,https://fra.gov.eg/en/التأمين-التكافلي/,6,12062,mostly_latin_or_garbled (check page images),,data/runtime/artifacts/l6_scrape/fra_documents/2026-10-02/raw/e0576980a38d876d3dc6d165359872bca6d6da2809d6ef8508b4e6e4e22cf53c.pdf
c5caad8e34efefe1a006afbae22601994de6365b6aebb3b95f025bbc19933440,board_decree,Decision of the FRA’s Board of Directors No. 23 of 2019 concerning Takaful insurance regulations,https://fra.gov.eg/wp-content/uploads/2024/10/قرار-مجلس-إدارة-الهيئة-رقم-23-لسنة-2019-بشأن-ضوابط-التأمين-التكافلي.pdf,https://fra.gov.eg/en/التأمين-التكافلي/,12,0,none_or_thin (scanned? OCR needed),,data/runtime/artifacts/l6_scrape/fra_documents/2026-10-02/raw/c5caad8e34efefe1a006afbae22601994de6365b6aebb3b95f025bbc19933440.pdf
d931a6e06be41825c5dd4487e0e30376023447bc6872b8639a0f062843f0b552,board_decree,Declaration Form,https://fra.gov.eg/wp-content/uploads/2026/02/إقرار.pdf,https://fra.gov.eg/en/قرارات-لجنة-الرقابه-الشرعية-المركزية/,1,1400,mostly_latin_or_garbled (check page images),,data/runtime/artifacts/l6_scrape/fra_documents/2026-10-02/raw/d931a6e06be41825c5dd4487e0e30376023447bc6872b8639a0f062843f0b552.pdf
88927a7398334b136b82153779575877ccbcf29728e666625635b5cae91e6785,board_decree,FRA Board Decree No. 51 of 2025 Amending the composition of the Committee to consist of seven members instead of five.,https://fra.gov.eg/wp-content/uploads/2026/01/القرار-رقم-51-لسنة-2025-بتعديل-قرار-مجلس-إدارة-الهيئة-رقم-62-لسنة-2019.pdf,https://fra.gov.eg/en/قرارات-لجنة-الرقابه-الشرعية-المركزية/,1,0,none_or_thin (scanned? OCR needed),,data/runtime/artifacts/l6_scrape/fra_documents/2026-10-02/raw/88927a7398334b136b82153779575877ccbcf29728e666625635b5cae91e6785.pdf
06369bee0f2be95e12349eea01864783d49b9399d020744d7efcdd56473566d9,board_decree,FRA Chairman Decree No. 755 of 2019.,https://fra.gov.eg/wp-content/uploads/2024/10/قرار-رئيس-الهيئة-رقم-755-لسنة-2019-بتشكيل-الامان-ة-الفنية-للجنة-الرقابة-....pdf,https://fra.gov.eg/en/قرارات-لجنة-الرقابه-الشرعية-المركزية/,1,0,none_or_thin (scanned? OCR needed),,data/runtime/artifacts/l6_scrape/fra_documents/2026-10-02/raw/06369bee0f2be95e12349eea01864783d49b9399d020744d7efcdd56473566d9.pdf
546ef186acda96e04bba5fe50c9050ad84d921b751645e53194d43d0115df8ec,board_decree,قرار رئيس الهيئة رقم (370) لسنة 2022,https://fra.gov.eg/wp-content/uploads/2022/02/370.pdf,https://fra.gov.eg/en/تشريعات-أنشطة-التمويلي-غير-المصرفي-2/?taxonomy_filter=%d8%aa%d8%b4%d8%b1%d9%8a%d8%b9%d8%a7%d8%aa-%d8%a7%d9%84%d8%aa%d9%85%d9%88%d9%8a%d9%84-%d8%a7%d9%84%d8%a7%d8%b3%d8%aa%d9%87%d9%84%d8%a7%d9%83%d9%8a-en&filtered_type=all&filtered_year=all&description_search=,1,0,none_or_thin (scanned? OCR needed),,data/runtime/artifacts/l6_scrape/fra_documents/2026-10-02/raw/546ef186acda96e04bba5fe50c9050ad84d921b751645e53194d43d0115df8ec.pdf
af8e53a34575e5393032e05940094c3cb64055b71d873044ba96e101522fac7c,board_decree,قرار رئيس الهيئة رقم (457) لـســــنـة 2020,https://fra.gov.eg/wp-content/uploads/2020/12/UG50306_UG50313.pdf,https://fra.gov.eg/en/تشريعات-أنشطة-التمويلي-غير-المصرفي-2/?taxonomy_filter=%d8%aa%d8%b4%d8%b1%d9%8a%d8%b9%d8%a7%d8%aa-%d8%a7%d9%84%d8%aa%d9%85%d9%88%d9%8a%d9%84-%d8%a7%d9%84%d8%a7%d8%b3%d8%aa%d9%87%d9%84%d8%a7%d9%83%d9%8a-en&filtered_type=all&filtered_year=all&description_search=,2,0,none_or_thin (scanned? OCR needed),,data/runtime/artifacts/l6_scrape/fra_documents/2026-10-02/raw/af8e53a34575e5393032e05940094c3cb64055b71d873044ba96e101522fac7c.pdf
652b14f70d352c1b59fb258d8578bec0ff23fb70c3a72b4e31e3df80b4ce74e8,board_decree,قرار رئيس الهيئة رقم (869) لسنة 2021,https://fra.gov.eg/wp-content/uploads/2021/07/alamiria_2021_869.pdf,https://fra.gov.eg/en/تشريعات-أنشطة-التمويلي-غير-المصرفي-2/?taxonomy_filter=%d8%aa%d8%b4%d8%b1%d9%8a%d8%b9%d8%a7%d8%aa-%d8%a7%d9%84%d8%aa%d9%85%d9%88%d9%8a%d9%84-%d8%a7%d9%84%d8%a7%d8%b3%d8%aa%d9%87%d9%84%d8%a7%d9%83%d9%8a-en&filtered_type=all&filtered_year=all&description_search=,11,0,none_or_thin (scanned? OCR needed),,data/runtime/artifacts/l6_scrape/fra_documents/2026-10-02/raw/652b14f70d352c1b59fb258d8578bec0ff23fb70c3a72b4e31e3df80b4ce74e8.pdf
edddefe58c1c7c42771e783ebfc1022aa73f71fcd377832e644e7981ce74d457,board_decree,قرار رئيس مجلس الوزراء رقم (1) لسنة 2001 (نسخة محدثة فى 2024),https://fra.gov.eg/wp-content/uploads/2020/12/اللائحة-التنفيذية-لقانون-التمويل-العقاري.pdf,https://fra.gov.eg/en/تشريعات-أنشطة-التمويلي-غير-المصرفي-2/?taxonomy_filter=%d8%aa%d8%b4%d8%b1%d9%8a%d8%b9%d8%a7%d8%aa-%d8%a7%d9%84%d8%aa%d9%85%d9%88%d9%8a%d9%84-%d8%a7%d9%84%d8%b9%d9%82%d8%a7%d8%b1%d9%8a-en&filtered_type=all&filtered_year=all&description_search=,16,47960,arabic_text,"murabaha:p2,3,8; receivable_transfer:p3,5",data/runtime/artifacts/l6_scrape/fra_documents/2026-10-02/raw/edddefe58c1c7c42771e783ebfc1022aa73f71fcd377832e644e7981ce74d457.pdf
caba410b71a016319dc413c7d5c08fbdc030a193d051febe99d133d7325fa8bf,board_decree,قرار مجلس إدارة الهيئة رقم ( 160 ) لسنة 2023,https://fra.gov.eg/wp-content/uploads/2023/08/alamiria_2023_160.pdf,https://fra.gov.eg/en/تشريعات-أنشطة-التمويلي-غير-المصرفي-2/?taxonomy_filter=%d8%aa%d8%b4%d8%b1%d9%8a%d8%b9%d8%a7%d8%aa-%d8%a7%d9%84%d8%aa%d9%85%d9%88%d9%8a%d9%84-%d8%a7%d9%84%d8%a7%d8%b3%d8%aa%d9%87%d9%84%d8%a7%d9%83%d9%8a-en&filtered_type=all&filtered_year=all&description_search=,1,1084,mostly_latin_or_garbled (check page images),,data/runtime/artifacts/l6_scrape/fra_documents/2026-10-02/raw/caba410b71a016319dc413c7d5c08fbdc030a193d051febe99d133d7325fa8bf.pdf
9871520ee7c8efdf5ea332f100566e184d9f1cf209cea4dd091a0ec28d1ccc1e,board_decree,قرار مجلس إدارة الهيئة رقم (100) لسنة 2020 (نسخة محدثة فى 2024),https://fra.gov.eg/wp-content/uploads/2024/08/100-2020-وفقا-لاخر-تعديل.pdf,https://fra.gov.eg/en/تشريعات-أنشطة-التمويلي-غير-المصرفي-2/?taxonomy_filter=%d8%aa%d8%b4%d8%b1%d9%8a%d8%b9%d8%a7%d8%aa-%d8%a7%d9%84%d8%aa%d9%85%d9%88%d9%8a%d9%84-%d8%a7%d9%84%d8%a7%d8%b3%d8%aa%d9%87%d9%84%d8%a7%d9%83%d9%8a-en&filtered_type=all&filtered_year=all&description_search=,15,33504,arabic_text,consumer_finance:p2; receivable_transfer:p2,data/runtime/artifacts/l6_scrape/fra_documents/2026-10-02/raw/9871520ee7c8efdf5ea332f100566e184d9f1cf209cea4dd091a0ec28d1ccc1e.pdf
8bbdc406cab436690fbc6787d0def2b6c78770ae92b9ef12e05ed5758bb701cf,board_decree,قرار مجلس إدارة الهيئة رقم (101) لسنة 2020 (نسخة محدثة فى 2022),https://fra.gov.eg/wp-content/uploads/2020/12/101-2020.pdf,https://fra.gov.eg/en/تشريعات-أنشطة-التمويلي-غير-المصرفي-2/?taxonomy_filter=%d8%aa%d8%b4%d8%b1%d9%8a%d8%b9%d8%a7%d8%aa-%d8%a7%d9%84%d8%aa%d9%85%d9%88%d9%8a%d9%84-%d8%a7%d9%84%d8%a7%d8%b3%d8%aa%d9%87%d9%84%d8%a7%d9%83%d9%8a-en&filtered_type=all&filtered_year=all&description_search=,11,2283,arabic_text,"consumer_finance:p1,2",data/runtime/artifacts/l6_scrape/fra_documents/2026-10-02/raw/8bbdc406cab436690fbc6787d0def2b6c78770ae92b9ef12e05ed5758bb701cf.pdf
c33d24f5e9db34fb514110fb61f120662cfb6b918f1f35eaf2e89dfaab1b7a01,board_decree,قرار مجلس إدارة الهيئة رقم (105) لسنة 2023,https://fra.gov.eg/wp-content/uploads/2024/03/نشر-قرار-رقم-105-لسنة-2023-بالوقائع.pdf,https://fra.gov.eg/en/تشريعات-أنشطة-التمويلي-غير-المصرفي-2/?taxonomy_filter=%d8%aa%d8%b4%d8%b1%d9%8a%d8%b9%d8%a7%d8%aa-%d8%a7%d9%84%d8%aa%d9%85%d9%88%d9%8a%d9%84-%d8%a7%d9%84%d8%a7%d8%b3%d8%aa%d9%87%d9%84%d8%a7%d9%83%d9%8a-en&filtered_type=all&filtered_year=all&description_search=,2,0,none_or_thin (scanned? OCR needed),,data/runtime/artifacts/l6_scrape/fra_documents/2026-10-02/raw/c33d24f5e9db34fb514110fb61f120662cfb6b918f1f35eaf2e89dfaab1b7a01.pdf
612ad390f513e78f8f9cc9cc4956ea9f4d1d4a493dc4dfc85f00a30af6b90b19,board_decree,قرار مجلس إدارة الهيئة رقم (109) لسنة 2015 (نسخة محدثة فى 2024),https://fra.gov.eg/wp-content/uploads/2021/04/قرار-109-لسنة-2015-ضوابط-قيد-وشطب-الخبراء-العقاريين-وفقاً-لآخر-تعديل-يونيو-2024.pdf,https://fra.gov.eg/en/تشريعات-أنشطة-التمويلي-غير-المصرفي-2/?taxonomy_filter=%d8%aa%d8%b4%d8%b1%d9%8a%d8%b9%d8%a7%d8%aa-%d8%a7%d9%84%d8%aa%d9%85%d9%88%d9%8a%d9%84-%d8%a7%d9%84%d8%b9%d9%82%d8%a7%d8%b1%d9%8a-en&filtered_type=all&filtered_year=all&description_search=,13,15797,arabic_text,,data/runtime/artifacts/l6_scrape/fra_documents/2026-10-02/raw/612ad390f513e78f8f9cc9cc4956ea9f4d1d4a493dc4dfc85f00a30af6b90b19.pdf
950c6e7cdb604ae0def4181823d17a286986a3162547f8ee1f47d56489315ee3,board_decree,قرار مجلس إدارة الهيئة رقم (116) لسنة 2023,https://fra.gov.eg/wp-content/uploads/2023/06/alamiria_2023_116.pdf,https://fra.gov.eg/en/تشريعات-أنشطة-التمويلي-غير-المصرفي-2/?taxonomy_filter=%d8%aa%d8%b4%d8%b1%d9%8a%d8%b9%d8%a7%d8%aa-%d8%a7%d9%84%d8%aa%d9%85%d9%88%d9%8a%d9%84-%d8%a7%d9%84%d8%b9%d9%82%d8%a7%d8%b1%d9%8a-en&filtered_type=all&filtered_year=all&description_search=,1,1273,mostly_latin_or_garbled (check page images),,data/runtime/artifacts/l6_scrape/fra_documents/2026-10-02/raw/950c6e7cdb604ae0def4181823d17a286986a3162547f8ee1f47d56489315ee3.pdf
de9b98e12690ef8b68eaf712d61e5407bfbb6250878450d771fbf23aebfd9139,board_decree,قرار مجلس إدارة الهيئة رقم (131) لسنة 2023,https://fra.gov.eg/wp-content/uploads/2023/06/نشر-قرار-رقم-131-لسنة-2023-بالوقائع.pdf,https://fra.gov.eg/en/تشريعات-أنشطة-التمويلي-غير-المصرفي-2/?taxonomy_filter=%d8%aa%d8%b4%d8%b1%d9%8a%d8%b9%d8%a7%d8%aa-%d8%a7%d9%84%d8%aa%d9%85%d9%88%d9%8a%d9%84-%d8%a7%d9%84%d8%b9%d9%82%d8%a7%d8%b1%d9%8a-en&filtered_type=all&filtered_year=all&description_search=,5,0,none_or_thin (scanned? OCR needed),,data/runtime/artifacts/l6_scrape/fra_documents/2026-10-02/raw/de9b98e12690ef8b68eaf712d61e5407bfbb6250878450d771fbf23aebfd9139.pdf
c227c5fc38bd8b7d2b8620756d28e019d782936b5bbd4189607998f10659b43c,board_decree,قرار مجلس إدارة الهيئة رقم (150) لسنة 2019,https://fra.gov.eg/wp-content/uploads/fra_live_data/pdfs/UG48931UG48932.pdf,https://fra.gov.eg/en/تشريعات-أنشطة-التمويلي-غير-المصرفي-2/?taxonomy_filter=%d8%aa%d8%b4%d8%b1%d9%8a%d8%b9%d8%a7%d8%aa-%d8%a7%d9%84%d8%aa%d8%ae%d8%b5%d9%8a%d9%85-en&filtered_type=all&filtered_year=all&description_search=,18,0,none_or_thin (scanned? OCR needed),,data/runtime/artifacts/l6_scrape/fra_documents/2026-10-02/raw/c227c5fc38bd8b7d2b8620756d28e019d782936b5bbd4189607998f10659b43c.pdf
d7a1fdb3cdb88a271094c140a32937d16c31d3021753b09229dfc535d412db29,board_decree,قرار مجلس إدارة الهيئة رقم (158) لسنة 2020 (نسخة محدثة فى 2022),https://fra.gov.eg/wp-content/uploads/2022/11/158-2020-بشان-المعايير-الملاءة-المالية-للتمويل-العقاري-وفقا-لاخر-تعديل.pdf,https://fra.gov.eg/en/تشريعات-أنشطة-التمويلي-غير-المصرفي-2/?taxonomy_filter=%d8%aa%d8%b4%d8%b1%d9%8a%d8%b9%d8%a7%d8%aa-%d8%a7%d9%84%d8%aa%d9%85%d9%88%d9%8a%d9%84-%d8%a7%d9%84%d8%b9%d9%82%d8%a7%d8%b1%d9%8a-en&filtered_type=all&filtered_year=all&description_search=,8,2250,arabic_text,,data/runtime/artifacts/l6_scrape/fra_documents/2026-10-02/raw/d7a1fdb3cdb88a271094c140a32937d16c31d3021753b09229dfc535d412db29.pdf
33d2ea1ced4b2f1f27bfeb8a711091c75317c1fe182893116ca25f6a587120c1,board_decree,قرار مجلس إدارة الهيئة رقم (163) لعام 2018 (نسخة محدثة 2021),https://fra.gov.eg/wp-content/uploads/2021/06/163-2018-الضوابط-التنفيذية-لممارسة-نشاط-التخصيم.pdf,https://fra.gov.eg/en/تشريعات-أنشطة-التمويلي-غير-المصرفي-2/?taxonomy_filter=%d8%aa%d8%b4%d8%b1%d9%8a%d8%b9%d8%a7%d8%aa-%d8%a7%d9%84%d8%aa%d8%ae%d8%b5%d9%8a%d9%85-en&filtered_type=all&filtered_year=all&description_search=,7,1975,arabic_text,,data/runtime/artifacts/l6_scrape/fra_documents/2026-10-02/raw/33d2ea1ced4b2f1f27bfeb8a711091c75317c1fe182893116ca25f6a587120c1.pdf
d8605c97c1855b22fbaa590fade9f5240ad6a00a51b423716eadb436fec97b65,board_decree,قرار مجلس إدارة الهيئة رقم (166) لسنة 2020 (نسخة محدثة فى 2023),https://fra.gov.eg/wp-content/uploads/2024/01/166-2020-المقصود-بمصطلح-الأمؤسسات-المالية.pdf,https://fra.gov.eg/en/تشريعات-أنشطة-التمويلي-غير-المصرفي-2/?taxonomy_filter=%d8%aa%d8%b4%d8%b1%d9%8a%d8%b9%d8%a7%d8%aa-%d8%a7%d9%84%d8%aa%d9%85%d9%88%d9%8a%d9%84-%d8%a7%d9%84%d8%a7%d8%b3%d8%aa%d9%87%d9%84%d8%a7%d9%83%d9%8a-en&filtered_type=all&filtered_year=all&description_search=,3,832,arabic_text,,data/runtime/artifacts/l6_scrape/fra_documents/2026-10-02/raw/d8605c97c1855b22fbaa590fade9f5240ad6a00a51b423716eadb436fec97b65.pdf
e64e4c6e28a1a7444df221bd8f0fb9cacfdad70ae0517c0c521019f6bab9edab,board_decree,قرار مجلس إدارة الهيئة رقم (187) لسنة 2020,https://fra.gov.eg/wp-content/uploads/fra_live_data/pdfs/UG52513UG52514.pdf,https://fra.gov.eg/en/تشريعات-أنشطة-التمويلي-غير-المصرفي-2/?taxonomy_filter=%d8%aa%d8%b4%d8%b1%d9%8a%d8%b9%d8%a7%d8%aa-%d8%a7%d9%84%d8%aa%d9%85%d9%88%d9%8a%d9%84-%d8%a7%d9%84%d8%a7%d8%b3%d8%aa%d9%87%d9%84%d8%a7%d9%83%d9%8a-en&filtered_type=all&filtered_year=all&description_search=,2,0,none_or_thin (scanned? OCR needed),,data/runtime/artifacts/l6_scrape/fra_documents/2026-10-02/raw/e64e4c6e28a1a7444df221bd8f0fb9cacfdad70ae0517c0c521019f6bab9edab.pdf
c827e1068fdb6495d82dc6001e698eae606e8de4ebfe456d053c9b899158471b,board_decree,قرار مجلس إدارة الهيئة رقم (191) لسنة 2018 (نسخة محدثة فى 2022),https://fra.gov.eg/wp-content/uploads/2021/04/191-2018.pdf,https://fra.gov.eg/en/تشريعات-أنشطة-التمويلي-غير-المصرفي-2/?taxonomy_filter=%d8%aa%d8%b4%d8%b1%d9%8a%d8%b9%d8%a7%d8%aa-%d8%a7%d9%84%d8%aa%d8%a3%d8%ac%d9%8a%d8%b1-%d8%a7%d9%84%d8%aa%d9%85%d9%88%d9%8a%d9%84%d9%8a-en&filtered_type=all&filtered_year=all&description_search=,8,0,none_or_thin (scanned? OCR needed),,data/runtime/artifacts/l6_scrape/fra_documents/2026-10-02/raw/c827e1068fdb6495d82dc6001e698eae606e8de4ebfe456d053c9b899158471b.pdf
7eb0238041598c1f473b5dd82d9badabda989adfe979887325068e2ecce3c44e,board_decree,قرار مجلس إدارة الهيئة رقم (192) لسنة 2018 (نسخة محدثة فى 2022),https://fra.gov.eg/wp-content/uploads/2021/04/192-201888.pdf,https://fra.gov.eg/en/تشريعات-أنشطة-التمويلي-غير-المصرفي-2/?taxonomy_filter=%d8%aa%d8%b4%d8%b1%d9%8a%d8%b9%d8%a7%d8%aa-%d8%a7%d9%84%d8%aa%d8%ae%d8%b5%d9%8a%d9%85-en&filtered_type=all&filtered_year=all&description_search=,9,0,none_or_thin (scanned? OCR needed),,data/runtime/artifacts/l6_scrape/fra_documents/2026-10-02/raw/7eb0238041598c1f473b5dd82d9badabda989adfe979887325068e2ecce3c44e.pdf
e78c2aad0a117311490b953e8a880321e6ae44ffe4deea8f397dcc18411b26e5,board_decree,قرار مجلس إدارة الهيئة رقم (200) لسنة 2020,https://fra.gov.eg/wp-content/uploads/2022/12/200-2020.pdf,https://fra.gov.eg/en/تشريعات-أنشطة-التمويلي-غير-المصرفي-2/?taxonomy_filter=%d8%aa%d8%b4%d8%b1%d9%8a%d8%b9%d8%a7%d8%aa-%d8%a7%d9%84%d8%aa%d8%a3%d8%ac%d9%8a%d8%b1-%d8%a7%d9%84%d8%aa%d9%85%d9%88%d9%8a%d9%84%d9%8a-en&filtered_type=all&filtered_year=all&description_search=,1,0,none_or_thin (scanned? OCR needed),,data/runtime/artifacts/l6_scrape/fra_documents/2026-10-02/raw/e78c2aad0a117311490b953e8a880321e6ae44ffe4deea8f397dcc18411b26e5.pdf
1e365502153d728f531d7fb7746b26840dabff87717c522fd863b24cbb4dc4a3,board_decree,قرار مجلس إدارة الهيئة رقم (203) لسنة 2020,https://fra.gov.eg/wp-content/uploads/2021/04/alamiria_2020_203.pdf,https://fra.gov.eg/en/تشريعات-أنشطة-التمويلي-غير-المصرفي-2/?taxonomy_filter=%d8%aa%d8%b4%d8%b1%d9%8a%d8%b9%d8%a7%d8%aa-%d8%a7%d9%84%d8%aa%d8%ae%d8%b5%d9%8a%d9%85-en&filtered_type=all&filtered_year=all&description_search=,2,0,none_or_thin (scanned? OCR needed),,data/runtime/artifacts/l6_scrape/fra_documents/2026-10-02/raw/1e365502153d728f531d7fb7746b26840dabff87717c522fd863b24cbb4dc4a3.pdf
40d9d2e33c7ad87386618577cf79bd5e49a7d7f0e1b2f35fcf7383b1827fcfc1,board_decree,قرار مجلس إدارة الهيئة رقم (204) لسنة 2020,https://fra.gov.eg/wp-content/uploads/fra_live_data/pdfs/UG52601UG52602.pdf,https://fra.gov.eg/en/تشريعات-أنشطة-التمويلي-غير-المصرفي-2/?taxonomy_filter=%d8%aa%d8%b4%d8%b1%d9%8a%d8%b9%d8%a7%d8%aa-%d8%a7%d9%84%d8%aa%d8%ae%d8%b5%d9%8a%d9%85-en&filtered_type=all&filtered_year=all&description_search=,2,0,none_or_thin (scanned? OCR needed),,data/runtime/artifacts/l6_scrape/fra_documents/2026-10-02/raw/40d9d2e33c7ad87386618577cf79bd5e49a7d7f0e1b2f35fcf7383b1827fcfc1.pdf
48f4fc7fce164ee9baec23cd1a2840478faab35ad067569f5862f83cd6bab80d,board_decree,قرار مجلس إدارة الهيئة رقم (205) لسنة 2020,https://fra.gov.eg/wp-content/uploads/fra_live_data/pdfs/UG52603UG52604.pdf,https://fra.gov.eg/en/تشريعات-أنشطة-التمويلي-غير-المصرفي-2/?taxonomy_filter=%d8%aa%d8%b4%d8%b1%d9%8a%d8%b9%d8%a7%d8%aa-%d8%a7%d9%84%d8%aa%d8%ae%d8%b5%d9%8a%d9%85-en&filtered_type=all&filtered_year=all&description_search=,2,0,none_or_thin (scanned? OCR needed),,data/runtime/artifacts/l6_scrape/fra_documents/2026-10-02/raw/48f4fc7fce164ee9baec23cd1a2840478faab35ad067569f5862f83cd6bab80d.pdf
84ea238c6bad21c0c239b66a6ef456f448e1332cad91f7f926a9aaf04a7534d7,board_decree,قرار مجلس إدارة الهيئة رقم (27) لسنة 2022,https://fra.gov.eg/wp-content/uploads/2022/02/alamiria_2022_27.pdf,https://fra.gov.eg/en/تشريعات-أنشطة-التمويلي-غير-المصرفي-2/?taxonomy_filter=%d8%aa%d8%b4%d8%b1%d9%8a%d8%b9%d8%a7%d8%aa-%d8%a7%d9%84%d8%aa%d9%85%d9%88%d9%8a%d9%84-%d8%a7%d9%84%d8%a7%d8%b3%d8%aa%d9%87%d9%84%d8%a7%d9%83%d9%8a-en&filtered_type=all&filtered_year=all&description_search=,3,3037,mostly_latin_or_garbled (check page images),,data/runtime/artifacts/l6_scrape/fra_documents/2026-10-02/raw/84ea238c6bad21c0c239b66a6ef456f448e1332cad91f7f926a9aaf04a7534d7.pdf
7bb1ddeadf0bec7aab62fc2947059240cceb47ab5b3ea6291caa3c54139cf278,board_decree,قرار مجلس إدارة الهيئة رقم (48) لسنة 2022,https://fra.gov.eg/wp-content/uploads/2022/03/alamiria_2022_48.pdf,https://fra.gov.eg/en/تشريعات-أنشطة-التمويلي-غير-المصرفي-2/?taxonomy_filter=%d8%aa%d8%b4%d8%b1%d9%8a%d8%b9%d8%a7%d8%aa-%d8%a7%d9%84%d8%aa%d9%85%d9%88%d9%8a%d9%84-%d8%a7%d9%84%d8%a7%d8%b3%d8%aa%d9%87%d9%84%d8%a7%d9%83%d9%8a-en&filtered_type=all&filtered_year=all&description_search=,2,2566,mostly_latin_or_garbled (check page images),,data/runtime/artifacts/l6_scrape/fra_documents/2026-10-02/raw/7bb1ddeadf0bec7aab62fc2947059240cceb47ab5b3ea6291caa3c54139cf278.pdf
95f7c513cadac7224e20cdf24d85bff8695cb4d37d872f2d21cfedd41a2d0c2b,board_decree,قرار مجلس إدارة الهيئة رقم (53) لسنة 2018 (نسخة محدثة في 2024),https://fra.gov.eg/wp-content/uploads/2022/11/53-2018-ضوابط-منح-الترخيص-واستمراره-وقواعد-تملك-الاسهم-1.pdf,https://fra.gov.eg/en/تشريعات-أنشطة-التمويلي-غير-المصرفي-2/?taxonomy_filter=%d8%aa%d8%b4%d8%b1%d9%8a%d8%b9%d8%a7%d8%aa-%d8%a7%d9%84%d8%aa%d9%85%d9%88%d9%8a%d9%84-%d8%a7%d9%84%d8%a7%d8%b3%d8%aa%d9%87%d9%84%d8%a7%d9%83%d9%8a-en&filtered_type=all&filtered_year=all&description_search=,10,23141,arabic_text,"consumer_finance:p2,10; musharaka_mudaraba:p5; receivable_transfer:p1,2",data/runtime/artifacts/l6_scrape/fra_documents/2026-10-02/raw/95f7c513cadac7224e20cdf24d85bff8695cb4d37d872f2d21cfedd41a2d0c2b.pdf
84224a84779d15f65bad26555243db866319e19c0f3151feee2cdf7bc75a9afc,board_decree,قرار مجلس إدارة الهيئة رقم (58) لسنة 2022,https://fra.gov.eg/wp-content/uploads/2023/10/58.pdf,https://fra.gov.eg/en/تشريعات-أنشطة-التمويلي-غير-المصرفي-2/?taxonomy_filter=%d8%aa%d8%b4%d8%b1%d9%8a%d8%b9%d8%a7%d8%aa-%d8%a7%d9%84%d8%aa%d9%85%d9%88%d9%8a%d9%84-%d8%a7%d9%84%d8%a7%d8%b3%d8%aa%d9%87%d9%84%d8%a7%d9%83%d9%8a-en&filtered_type=all&filtered_year=all&description_search=,7,0,none_or_thin (scanned? OCR needed),,data/runtime/artifacts/l6_scrape/fra_documents/2026-10-02/raw/84224a84779d15f65bad26555243db866319e19c0f3151feee2cdf7bc75a9afc.pdf
9fb7267023e61b2435e511f24b8a9d29c30211cc6140e50178066f227db543a9,board_decree,قرار مجلس إدارة الهيئة رقم (61) لسنة 2023,https://fra.gov.eg/wp-content/uploads/2024/03/نشر-قرار-رقم-61-لسنة-2023-بالوقائع.pdf,https://fra.gov.eg/en/تشريعات-أنشطة-التمويلي-غير-المصرفي-2/?taxonomy_filter=%d8%aa%d8%b4%d8%b1%d9%8a%d8%b9%d8%a7%d8%aa-%d8%a7%d9%84%d8%aa%d9%85%d9%88%d9%8a%d9%84-%d8%a7%d9%84%d8%a7%d8%b3%d8%aa%d9%87%d9%84%d8%a7%d9%83%d9%8a-en&filtered_type=all&filtered_year=all&description_search=,4,5877,mostly_latin_or_garbled (check page images),,data/runtime/artifacts/l6_scrape/fra_documents/2026-10-02/raw/9fb7267023e61b2435e511f24b8a9d29c30211cc6140e50178066f227db543a9.pdf
5712dc9271c3ff3c4701b12a766962136cb165d685c822ddc4c944a06af54d1b,board_decree,قرار مجلس إدارة الهيئة رقم (66) لسنة 2009 (نسخة محدثة فى 2023),https://fra.gov.eg/wp-content/uploads/2021/04/66-2009-رسم-التطوير-وفقاً-لآخر-تعديل-مارس-2023.pdf,https://fra.gov.eg/en/تشريعات-أنشطة-التمويلي-غير-المصرفي-2/?taxonomy_filter=%d8%aa%d8%b4%d8%b1%d9%8a%d8%b9%d8%a7%d8%aa-%d8%a7%d9%84%d8%aa%d9%85%d9%88%d9%8a%d9%84-%d8%a7%d9%84%d8%a7%d8%b3%d8%aa%d9%87%d9%84%d8%a7%d9%83%d9%8a-en&filtered_type=all&filtered_year=all&description_search=,5,8862,arabic_text,consumer_finance:p5; receivable_transfer:p4,data/runtime/artifacts/l6_scrape/fra_documents/2026-10-02/raw/5712dc9271c3ff3c4701b12a766962136cb165d685c822ddc4c944a06af54d1b.pdf
bd8af70bd26cae6252ca40c0e8c4339df288740165ec7e0ad7562f6f269b7b1b,board_decree,قرار مجلس إدارة الهيئة رقم (80) لسنة 2018,https://fra.gov.eg/wp-content/uploads/2021/04/alamiria_2018_80.pdf,https://fra.gov.eg/en/تشريعات-أنشطة-التمويلي-غير-المصرفي-2/?taxonomy_filter=%d8%aa%d8%b4%d8%b1%d9%8a%d8%b9%d8%a7%d8%aa-%d8%a7%d9%84%d8%aa%d8%a3%d8%ac%d9%8a%d8%b1-%d8%a7%d9%84%d8%aa%d9%85%d9%88%d9%8a%d9%84%d9%8a-en&filtered_type=all&filtered_year=all&description_search=,2,0,none_or_thin (scanned? OCR needed),,data/runtime/artifacts/l6_scrape/fra_documents/2026-10-02/raw/bd8af70bd26cae6252ca40c0e8c4339df288740165ec7e0ad7562f6f269b7b1b.pdf
8891c58ed16e779e27ba9e6d0d755ab5a8f6048bb8ba782f1bf5abfc11f1ff49,board_decree,قرار مجلس إدارة الهيئة رقم (83) لسنة 2021 (نسخة محدثة),https://fra.gov.eg/wp-content/uploads/2021/06/alamiria_2021_83.pdf,https://fra.gov.eg/en/تشريعات-أنشطة-التمويلي-غير-المصرفي-2/?taxonomy_filter=%d8%aa%d8%b4%d8%b1%d9%8a%d8%b9%d8%a7%d8%aa-%d8%a7%d9%84%d8%aa%d9%85%d9%88%d9%8a%d9%84-%d8%a7%d9%84%d8%a7%d8%b3%d8%aa%d9%87%d9%84%d8%a7%d9%83%d9%8a-en&filtered_type=all&filtered_year=all&description_search=,2,0,none_or_thin (scanned? OCR needed),,data/runtime/artifacts/l6_scrape/fra_documents/2026-10-02/raw/8891c58ed16e779e27ba9e6d0d755ab5a8f6048bb8ba782f1bf5abfc11f1ff49.pdf
d4838028065404308279415d5d1af2578f4e22ef3bc758f4d531bd23a57d3139,circular,كتاب دورى رقم (1) لسنة 2023,https://fra.gov.eg/wp-content/uploads/2023/02/كتاب-دوري-رقم-1-لسنة-2023-1.pdf,https://fra.gov.eg/en/تشريعات-أنشطة-التمويلي-غير-المصرفي-2/?taxonomy_filter=%d8%aa%d8%b4%d8%b1%d9%8a%d8%b9%d8%a7%d8%aa-%d8%a7%d9%84%d8%aa%d9%85%d9%88%d9%8a%d9%84-%d8%a7%d9%84%d8%a7%d8%b3%d8%aa%d9%87%d9%84%d8%a7%d9%83%d9%8a-en&filtered_type=all&filtered_year=all&description_search=,1,0,none_or_thin (scanned? OCR needed),,data/runtime/artifacts/l6_scrape/fra_documents/2026-10-02/raw/d4838028065404308279415d5d1af2578f4e22ef3bc758f4d531bd23a57d3139.pdf
bcab57630544d167ceba9beffc8add055a33388f74a708945cb9902c95b7bac2,circular,كتاب دوري رقم ( 17) لسنة 2021,https://fra.gov.eg/wp-content/uploads/2021/07/كتاب-دوري-تمثيل-المرأة-.pdf,https://fra.gov.eg/en/تشريعات-أنشطة-التمويلي-غير-المصرفي-2/?taxonomy_filter=%d8%aa%d8%b4%d8%b1%d9%8a%d8%b9%d8%a7%d8%aa-%d8%a7%d9%84%d8%aa%d9%85%d9%88%d9%8a%d9%84-%d8%a7%d9%84%d8%a7%d8%b3%d8%aa%d9%87%d9%84%d8%a7%d9%83%d9%8a-en&filtered_type=all&filtered_year=all&description_search=,1,0,none_or_thin (scanned? OCR needed),,data/runtime/artifacts/l6_scrape/fra_documents/2026-10-02/raw/bcab57630544d167ceba9beffc8add055a33388f74a708945cb9902c95b7bac2.pdf
9baebccb63c606dedf278f616c2bf87fdab16e21ecc3510180e1223b081eaecd,circular,كتاب دوري رقم ( 4 ) لسنة 2023,https://fra.gov.eg/wp-content/uploads/2023/10/كتاب-دوري-4.pdf,https://fra.gov.eg/en/تشريعات-أنشطة-التمويلي-غير-المصرفي-2/?taxonomy_filter=%d8%aa%d8%b4%d8%b1%d9%8a%d8%b9%d8%a7%d8%aa-%d8%a7%d9%84%d8%aa%d8%ae%d8%b5%d9%8a%d9%85-en&filtered_type=all&filtered_year=all&description_search=,1,0,none_or_thin (scanned? OCR needed),,data/runtime/artifacts/l6_scrape/fra_documents/2026-10-02/raw/9baebccb63c606dedf278f616c2bf87fdab16e21ecc3510180e1223b081eaecd.pdf
5ae412555db6ed43659b5513e93e69f9f86bfee518f5f28a33cde57468dd41dc,circular,كتاب دوري رقم (2) لسنة 2019,https://fra.gov.eg/wp-content/uploads/fra_live_data/pdfs/UG47005_UG47006.pdf,https://fra.gov.eg/en/تشريعات-أنشطة-التمويلي-غير-المصرفي-2/?taxonomy_filter=%d8%aa%d8%b4%d8%b1%d9%8a%d8%b9%d8%a7%d8%aa-%d8%a7%d9%84%d8%aa%d9%85%d9%88%d9%8a%d9%84-%d8%a7%d9%84%d8%b9%d9%82%d8%a7%d8%b1%d9%8a-en&filtered_type=all&filtered_year=all&description_search=,3,0,none_or_thin (scanned? OCR needed),,data/runtime/artifacts/l6_scrape/fra_documents/2026-10-02/raw/5ae412555db6ed43659b5513e93e69f9f86bfee518f5f28a33cde57468dd41dc.pdf
22456f38501bb5fb6887941ad199e4abc298705b07af653e0670aba802a16b6d,circular,كتاب دوري رقم (5) لسنة 2022,https://fra.gov.eg/wp-content/uploads/2022/12/كتاب-دوري-رقم-5-لسنة-2022.pdf,https://fra.gov.eg/en/تشريعات-أنشطة-التمويلي-غير-المصرفي-2/?taxonomy_filter=%d8%aa%d8%b4%d8%b1%d9%8a%d8%b9%d8%a7%d8%aa-%d8%a7%d9%84%d8%aa%d9%85%d9%88%d9%8a%d9%84-%d8%a7%d9%84%d8%a7%d8%b3%d8%aa%d9%87%d9%84%d8%a7%d9%83%d9%8a-en&filtered_type=all&filtered_year=all&description_search=,20,41416,arabic_text,"consumer_finance:p19,20; sharia_committee:p6; sharia_rulings:p7; sukuk:p7,9; receivable_transfer:p8,17,18,19",data/runtime/artifacts/l6_scrape/fra_documents/2026-10-02/raw/22456f38501bb5fb6887941ad199e4abc298705b07af653e0670aba802a16b6d.pdf
f81bafce147972f42d054b2f157da0e4cef2c4f4f70cadeac1e6a97a16329412,circular,كتاب دوري رقم(6) لـســــنـة 2019,https://fra.gov.eg/wp-content/uploads/2020/12/UG47389_UG47393.pdf,https://fra.gov.eg/en/تشريعات-أنشطة-التمويلي-غير-المصرفي-2/?taxonomy_filter=%d8%aa%d8%b4%d8%b1%d9%8a%d8%b9%d8%a7%d8%aa-%d8%a7%d9%84%d8%aa%d9%85%d9%88%d9%8a%d9%84-%d8%a7%d9%84%d8%b9%d9%82%d8%a7%d8%b1%d9%8a-en&filtered_type=all&filtered_year=all&description_search=,1,0,none_or_thin (scanned? OCR needed),,data/runtime/artifacts/l6_scrape/fra_documents/2026-10-02/raw/f81bafce147972f42d054b2f157da0e4cef2c4f4f70cadeac1e6a97a16329412.pdf
f698173711b87c51613731a915517a6de6b857d71a0d79aeedccf74ebc246f18,guide,,https://fra.gov.eg/wp-content/uploads/2026/09/دليل-الضوايط-والمعايير-والقواعد-المنظمة-لنشاط-التمويل-الاستهلاكي.pdf,,123,232522,arabic_text,"model_contract:p3,5,9,10,28,64,91,97,101,119,121; consumer_finance:p1,2,3,4,5,6,7,8,9,10,11,13…; musharaka_mudaraba:p14,36,41; receivable_transfer:p10,40,61,71,74,75,76,94,100,120",data/runtime/artifacts/l6_scrape/fra_documents/2026-10-02/raw/f698173711b87c51613731a915517a6de6b857d71a0d79aeedccf74ebc246f18.pdf
6d814820fd706fa94c9baf635bcdaa2149f041953c6fc756553a3c638e6051c5,guide,,https://fra.gov.eg/wp-content/uploads/2021/12/Takhseem2021.pdf,,87,73982,arabic_text,"model_contract:p2,3,78; receivable_transfer:p1,6,7,18,28,29,36,38,39,40,41,44…",data/runtime/artifacts/l6_scrape/fra_documents/2026-10-02/raw/6d814820fd706fa94c9baf635bcdaa2149f041953c6fc756553a3c638e6051c5.pdf
0e1ebf1e66286a06114a032805225f5693bb38aa03f4317eedf5793138ddf56e,guide,,https://fra.gov.eg/wp-content/uploads/2021/06/دليل-الضوابط-والقواعد-والمعايير-المنظمة-لعمل-شركات-التمويل-العقاري-mmt2.pdf,,82,151974,arabic_text,"consumer_finance:p12,13,65; sharia_committee:p40; sharia_rulings:p40; murabaha:p3,47,48,49,50,60; ijara:p3,43,44,45,46,47,51,52,60; musharaka_mudaraba:p3,14,21,28,36,51,52,53,60,61; receivable_transfer:p12,13,14,45,47,49,52,54,55,58,59,61…",data/runtime/artifacts/l6_scrape/fra_documents/2026-10-02/raw/0e1ebf1e66286a06114a032805225f5693bb38aa03f4317eedf5793138ddf56e.pdf
5698aa9cba9adc9e47ef3eb7529d8c2691e92afbd166bb62e961d3828c1bcc06,guide,Decision of the FRA’s Board of Directors No. 5 concerning the amendment of the Egyptian Accounting Standards Guide for the Insurance Sector,https://fra.gov.eg/wp-content/uploads/2024/10/قرار-مجلس-إدارة-الهيئة-رقم-5-لسنة-بشأن-تعديل-دليل-معايير-المحاسبة-المصرعلى-قطاع-التأمين.pdf,https://fra.gov.eg/en/التأمين-التكافلي/,2,0,none_or_thin (scanned? OCR needed),,data/runtime/artifacts/l6_scrape/fra_documents/2026-10-02/raw/5698aa9cba9adc9e47ef3eb7529d8c2691e92afbd166bb62e961d3828c1bcc06.pdf
6d0fd5fe1aa52f09e4a12b72d8913918fa1412e969f274c09c5a62b21c60a264,guide,دليل حماية المتعاملين,https://fra.gov.eg/wp-content/uploads/2025/09/دليل-حماية-العملاء-2020-7.pdf,https://fra.gov.eg/دليل-القواعد-والضوابط-والمعايير-المن/,120,217516,arabic_text,"sharia_rulings:p21,100; murabaha:p21; ijara:p21; musharaka_mudaraba:p21,67; sukuk:p7,11,42; takaful:p20,67,69; receivable_transfer:p2,6,7,23,26,27,28,29,30,33,97,102",data/runtime/artifacts/l6_scrape/fra_documents/2026-10-02/raw/6d0fd5fe1aa52f09e4a12b72d8913918fa1412e969f274c09c5a62b21c60a264.pdf
b599cf977eca78fea0a7c7d01d1a3e7edeb3432d4832ddfb3929ed6c30a2e5b1,law,Unified Insurance Law issued under Law No. 155 of 2024,https://fra.gov.eg/wp-content/uploads/2024/10/قانون-التأمين-الموحد-الصادر-بالقانون-رقم-155-لسنة-2024-.pdf,https://fra.gov.eg/en/التأمين-التكافلي/,96,167287,mostly_latin_or_garbled (check page images),,data/runtime/artifacts/l6_scrape/fra_documents/2026-10-02/raw/b599cf977eca78fea0a7c7d01d1a3e7edeb3432d4832ddfb3929ed6c30a2e5b1.pdf
c38b51e815a04e8abcce66dd2e09277d4031ab013e83a8dbfbd5f377d95794a3,law,قانون رقم 18 لسنه 2020 (نسخة محدثة فى 2022),https://fra.gov.eg/wp-content/uploads/2020/12/قانون-نشاط-التمويل-الاستهلاكي-3.pdf,https://fra.gov.eg/en/تشريعات-أنشطة-التمويلي-غير-المصرفي-2/?taxonomy_filter=تشريعات-التمويل-الاستهلاكي,10,26489,arabic_text,"consumer_finance:p1,2,3,4,5,6,7,8,9,10",data/runtime/artifacts/l6_scrape/fra_documents/2026-10-02/raw/c38b51e815a04e8abcce66dd2e09277d4031ab013e83a8dbfbd5f377d95794a3.pdf
dc9f49d356bc044b40fb443ff7a1b52e3c675e261ed222f06a7e25d6398fe861,other,,https://fra.gov.eg/wp-content/uploads/2024/10/التجربه-المصرية-في-الصكوك.pdf,,61,29385,arabic_text,"sharia_committee:p7,18,46,47,48,53,59; sharia_rulings:p42,46,47,48; murabaha:p13,16; ijara:p4,13,15; musharaka_mudaraba:p4,6,13,14,42; sukuk:p1,2,3,4,5,6,7,8,9,10,12,13…; takaful:p60; receivable_transfer:p7,31",data/runtime/artifacts/l6_scrape/fra_documents/2026-10-02/raw/dc9f49d356bc044b40fb443ff7a1b52e3c675e261ed222f06a7e25d6398fe861.pdf
14167fc51701e331a12503f3d0117d44de82746c35d10dc24be956d11c4f7eb2,other,,https://fra.gov.eg/wp-content/uploads/2024/09/مذكرة-معلومات-ثروة-1.pdf,https://fra.gov.eg/en/الصكوك/,122,0,none_or_thin (scanned? OCR needed),,data/runtime/artifacts/l6_scrape/fra_documents/2026-10-02/raw/14167fc51701e331a12503f3d0117d44de82746c35d10dc24be956d11c4f7eb2.pdf
ac00ad8639bb7e7a805558c96957b043e70d9e0d056f809df0fdd48457be75ac,other,,https://fra.gov.eg/wp-content/uploads/2024/09/مذكرة-معلومات-ثروة-2.pdf,https://fra.gov.eg/en/الصكوك/,137,0,none_or_thin (scanned? OCR needed),,data/runtime/artifacts/l6_scrape/fra_documents/2026-10-02/raw/ac00ad8639bb7e7a805558c96957b043e70d9e0d056f809df0fdd48457be75ac.pdf
1e8d674bf13b31abbd182e162f8688d830b2b4b84b446143daa90389e2d9be16,other,,https://fra.gov.eg/wp-content/uploads/2024/09/مذكرة-معلومات-ثروة-3.pdf,https://fra.gov.eg/en/الصكوك/,133,0,none_or_thin (scanned? OCR needed),,data/runtime/artifacts/l6_scrape/fra_documents/2026-10-02/raw/1e8d674bf13b31abbd182e162f8688d830b2b4b84b446143daa90389e2d9be16.pdf
d8671f0dfcac4d633134cdcc1ae9b0c9502f6c2e3c08946a4ddcdf58ab7aa974,other,,https://fra.gov.eg/wp-content/uploads/2024/10/نموذج-استرشادى-لنشرة-اكتتاب-صكوك-1.pdf,https://fra.gov.eg/en/الصكوك/,23,0,none_or_thin (scanned? OCR needed),,data/runtime/artifacts/l6_scrape/fra_documents/2026-10-02/raw/d8671f0dfcac4d633134cdcc1ae9b0c9502f6c2e3c08946a4ddcdf58ab7aa974.pdf
3db474a7104e4d5268a064e52cc39ad7c812d3a899b7cd4823b9170abcb6a929,other,,https://fra.gov.eg/wp-content/uploads/2024/09/multi-tranche-ناصر-AZ.pdf,https://fra.gov.eg/en/صناديق-الاستثمار-الإسلامية/,27,0,none_or_thin (scanned? OCR needed),,data/runtime/artifacts/l6_scrape/fra_documents/2026-10-02/raw/3db474a7104e4d5268a064e52cc39ad7c812d3a899b7cd4823b9170abcb6a929.pdf
c46b062135a6ddacfc5c2857b7e7c13e202b31c48423054ae75fce309b1ac2a2,other,,https://fra.gov.eg/wp-content/uploads/2024/09/tranche-A-ناصر-AZ.pdf,https://fra.gov.eg/en/صناديق-الاستثمار-الإسلامية/,8,0,none_or_thin (scanned? OCR needed),,data/runtime/artifacts/l6_scrape/fra_documents/2026-10-02/raw/c46b062135a6ddacfc5c2857b7e7c13e202b31c48423054ae75fce309b1ac2a2.pdf
c5905990d39ee0c755944e2a6640ea25709af6332e06958569025df60959b65e,other,,https://fra.gov.eg/wp-content/uploads/2024/09/صندوق-بنك-البركة-ذو-العائد-الدوري_2024-1.pdf,https://fra.gov.eg/en/صناديق-الاستثمار-الإسلامية/,32,0,none_or_thin (scanned? OCR needed),,data/runtime/artifacts/l6_scrape/fra_documents/2026-10-02/raw/c5905990d39ee0c755944e2a6640ea25709af6332e06958569025df60959b65e.pdf
35e94cb17c67b4e2110093edf237267c19c4d243d59da1f9353302463b76071c,other,,https://fra.gov.eg/wp-content/uploads/2024/09/صندوق-بنك-البركة-ذو-العائد-الدوري_2024.pdf,https://fra.gov.eg/en/صناديق-الاستثمار-الإسلامية/,32,0,none_or_thin (scanned? OCR needed),,data/runtime/artifacts/l6_scrape/fra_documents/2026-10-02/raw/35e94cb17c67b4e2110093edf237267c19c4d243d59da1f9353302463b76071c.pdf
d9f43eafced9deac3c7dfb5885716d18c6dc407b79adc140cd401cc844a45ed1,other,,https://fra.gov.eg/wp-content/uploads/2024/09/صندوق-بنك-البركة-لاسواق-النقد_2024.pdf,https://fra.gov.eg/en/صناديق-الاستثمار-الإسلامية/,30,0,none_or_thin (scanned? OCR needed),,data/runtime/artifacts/l6_scrape/fra_documents/2026-10-02/raw/d9f43eafced9deac3c7dfb5885716d18c6dc407b79adc140cd401cc844a45ed1.pdf
458b44d19f2d474c27c69972ebf4aafdbbd6f8a950bc76fb08593a617f0da35d,other,,https://fra.gov.eg/wp-content/uploads/2024/09/صندوق-استثمار-بنك-البركة-مصر-ذو-العائد-الدوري-التراكمي-–-المتوازن_2021.pdf,https://fra.gov.eg/en/صناديق-الاستثمار-الإسلامية/,38,0,none_or_thin (scanned? OCR needed),,data/runtime/artifacts/l6_scrape/fra_documents/2026-10-02/raw/458b44d19f2d474c27c69972ebf4aafdbbd6f8a950bc76fb08593a617f0da35d.pdf
e86c7f21d48db8654b07c7b784992575bca48385232560af9430a0a3374364e3,other,,https://fra.gov.eg/wp-content/uploads/2024/09/صندوق-استثمار-الحياة-ذو-العائد-التراكمي-والتوزيع-الدوري-يعمل-وفقا-للشريعة-الاسلامية.pdf,https://fra.gov.eg/en/صناديق-الاستثمار-الإسلامية/,25,0,none_or_thin (scanned? OCR needed),,data/runtime/artifacts/l6_scrape/fra_documents/2026-10-02/raw/e86c7f21d48db8654b07c7b784992575bca48385232560af9430a0a3374364e3.pdf
1cf3d2c46dcb5cf08a792536bc96ffbe5941c3d55609eb449ebc2e4af83debf7,other,,https://fra.gov.eg/wp-content/uploads/2024/09/تحديث-ازدهار2023.pdf,https://fra.gov.eg/en/صناديق-الاستثمار-الإسلامية/,50,0,none_or_thin (scanned? OCR needed),,data/runtime/artifacts/l6_scrape/fra_documents/2026-10-02/raw/1cf3d2c46dcb5cf08a792536bc96ffbe5941c3d55609eb449ebc2e4af83debf7.pdf
36b3ecc61c5067a9999a3529de4e37fe1b074a577dad4f418a74087fcd02e66a,other,,https://fra.gov.eg/wp-content/uploads/2024/09/نشرة-اكتتاب-صندوق-استثمار-مصرف-ابو-ظبي-الاسلامي-مصر-النقدي-متوافق-مع-مبادىء-الشريعة-الاسلامية.pdf,https://fra.gov.eg/en/صناديق-الاستثمار-الإسلامية/,25,0,none_or_thin (scanned? OCR needed),,data/runtime/artifacts/l6_scrape/fra_documents/2026-10-02/raw/36b3ecc61c5067a9999a3529de4e37fe1b074a577dad4f418a74087fcd02e66a.pdf
aa424e7de39196f992052e317fb772ffb094cb630b7fe4f317ac07541623bd80,other,Crowdfunding,https://fra.gov.eg/wp-content/uploads/2024/10/التمويل-الجماعي.pdf,https://fra.gov.eg/en/المنتجات-الإسلامية-للأنشطة-المالية-غ/,5,0,none_or_thin (scanned? OCR needed),,data/runtime/artifacts/l6_scrape/fra_documents/2026-10-02/raw/aa424e7de39196f992052e317fb772ffb094cb630b7fe4f317ac07541623bd80.pdf
68efd42e8f4581dcafb334e41aa071c42e32fa17a0f9afcb2f152aaf65cc855f,other,Fundamentals of Islamic Financing Structures Applied in the Islamic Economy,https://fra.gov.eg/wp-content/uploads/2024/10/أساسيات-صيغ-التمويل-الاسلامي-المطبقة-في-الاقتصاد-الاسلامي.pdf,https://fra.gov.eg/en/الصكوك/,19,62837,mostly_latin_or_garbled (check page images),,data/runtime/artifacts/l6_scrape/fra_documents/2026-10-02/raw/68efd42e8f4581dcafb334e41aa071c42e32fa17a0f9afcb2f152aaf65cc855f.pdf
f5227676de20a732b2b17ba1125ed53d8edd6f117b58ce5f59de2d4e557a609f,other,Green Islamic Sukuk: A Promising Model for Islamic Finance – A Review of Selected International Experiences,https://fra.gov.eg/wp-content/uploads/2024/10/الصكوك-الإسلامية-الخضراء-نموذج-واعد-للتمويل-الإسلامي-عرض-لبعض-التجارب-الدولية.pdf,https://fra.gov.eg/en/الصكوك/,16,38832,arabic_text,"sharia_committee:p9; sharia_rulings:p4,6,11,13,14,15; murabaha:p6,11; ijara:p5,7,11; musharaka_mudaraba:p5,6,7,11; sukuk:p1,2,3,4,5,6,7,8,9,12,13,14…; receivable_transfer:p5,6; aaoifi:p5",data/runtime/artifacts/l6_scrape/fra_documents/2026-10-02/raw/f5227676de20a732b2b17ba1125ed53d8edd6f117b58ce5f59de2d4e557a609f.pdf
88aa0313790b8621a14a2ddf4bf02c59d6fff99cc8b1c28775057d6178be30c1,other,Hedge Funds as a Mechanism for Investing the Financial Surpluses of Sovereign Wealth Funds,https://fra.gov.eg/wp-content/uploads/2024/10/صناديق-التّحوّط-كآلية-لاستثمار-الفوائض-الماليّة-لصناديق-الثّروة-السّيادي....pdf,https://fra.gov.eg/en/صناديق-الاستثمار-الإسلامية/,20,26023,arabic_text,musharaka_mudaraba:p6,data/runtime/artifacts/l6_scrape/fra_documents/2026-10-02/raw/88aa0313790b8621a14a2ddf4bf02c59d6fff99cc8b1c28775057d6178be30c1.pdf
755d6ded78a9b4f123cc379f7387c7543bb841f1b28d2522cf03465e2c5d0c4f,other,Islamic Financing Modes as a Modern Approach to Corporate Financial Policy in Algeria,https://fra.gov.eg/wp-content/uploads/2024/10/صيغ-التمويل-الاسلامي-كتوجه-حديث-للسياسة-المالية-للمؤسسة-في-الجزائر-عرض-ن....pdf,https://fra.gov.eg/en/المنتجات-الإسلامية-للأنشطة-المالية-غ/,13,34791,arabic_text,"ijara:p3,4,5,9,10,12; musharaka_mudaraba:p4,5,9,12; sukuk:p1,2,3,4,5,6,7,8,9,10,12; receivable_transfer:p2,12",data/runtime/artifacts/l6_scrape/fra_documents/2026-10-02/raw/755d6ded78a9b4f123cc379f7387c7543bb841f1b28d2522cf03465e2c5d0c4f.pdf
f2d2868c17e9ecebfe287829e038f47593d3d22e8ee25d278910c4126a69ef5a,other,Islamic Investment Funds and Their Role in Stimulating Islamic Financial Markets: A Case Study of the Malaysian Capital Market,https://fra.gov.eg/wp-content/uploads/2024/10/صناديق-الاستثمار-الإسلامية-ودورها-في-تنشيط-الأسواق-المالية-الإسلامية؛-در....pdf,https://fra.gov.eg/en/صناديق-الاستثمار-الإسلامية/,12,33750,arabic_text,"sharia_rulings:p4,5,8,9; murabaha:p6; ijara:p6; musharaka_mudaraba:p4,6,8,9",data/runtime/artifacts/l6_scrape/fra_documents/2026-10-02/raw/f2d2868c17e9ecebfe287829e038f47593d3d22e8ee25d278910c4126a69ef5a.pdf
68fce9626eb74fb1aabf8c10e217d6b8224e363ecc4f3add5b060f03a465284e,other,Islamic Investment Funds as a Mechanism for Supporting Islamic Banking: A Case Study of Al Rajhi Bank Funds,https://fra.gov.eg/wp-content/uploads/2024/10/صناديق-الاستثمار-الإسلامية-صناديق-بنك-الراجحي-نموذجا-investment-funds-a....pdf,https://fra.gov.eg/en/صناديق-الاستثمار-الإسلامية/,17,38874,arabic_text,"sharia_rulings:p2,3,4,5,8,12,13,15,16; murabaha:p5,6; ijara:p7; musharaka_mudaraba:p3,6,7,8; sukuk:p3,4,5,8,13,14,15; aaoifi:p3",data/runtime/artifacts/l6_scrape/fra_documents/2026-10-02/raw/68fce9626eb74fb1aabf8c10e217d6b8224e363ecc4f3add5b060f03a465284e.pdf
0dbdd1258ba2a4661d2d11302f021dbd2878234328c5079f6a12fbf12b63a1ec,other,Islamic Microfinance as an Alternative Mechanism for Financing Micro-Enterprises: Successful Global Models,https://fra.gov.eg/wp-content/uploads/2024/10/التمويل-الأصغر-الإسلامي-كآلية-بديلة-لتمويل-المؤسسات-المصغرة-نماذج-عالم....pdf,https://fra.gov.eg/en/المنتجات-الإسلامية-للأنشطة-المالية-غ/,18,40726,mostly_latin_or_garbled (check page images),,data/runtime/artifacts/l6_scrape/fra_documents/2026-10-02/raw/0dbdd1258ba2a4661d2d11302f021dbd2878234328c5079f6a12fbf12b63a1ec.pdf
3123b500d1072bd2518288f1ba3ced459d52ffa3e8c317e42f7a91d428c67b49,other,Islamic Sukuk and Their Role in Developing the Islamic Financial Market: The Experience of the International Islamic Financial Market – Bahrain,https://fra.gov.eg/wp-content/uploads/2024/10/الصكوك-الإسلامية-ودورها-في-تطوير-السوق-المالية-الإسلامية-تجربة-السوق-المالية-الإسلامية-الدولية-البحرين-.pdf,https://fra.gov.eg/en/الصكوك/,12,31644,mostly_latin_or_garbled (check page images),ijara:p12; sukuk:p12,data/runtime/artifacts/l6_scrape/fra_documents/2026-10-02/raw/3123b500d1072bd2518288f1ba3ced459d52ffa3e8c317e42f7a91d428c67b49.pdf
e312c965403d6a66202b3d9b4c5e0ab0b66f5c8d5f49d42290214abd52e7f3c1,other,Registration Application Form,https://fra.gov.eg/wp-content/uploads/2026/02/نموذج-طلب-قيد.pdf,https://fra.gov.eg/en/قرارات-لجنة-الرقابه-الشرعية-المركزية/,1,3207,mostly_latin_or_garbled (check page images),sharia_committee:p1,data/runtime/artifacts/l6_scrape/fra_documents/2026-10-02/raw/e312c965403d6a66202b3d9b4c5e0ab0b66f5c8d5f49d42290214abd52e7f3c1.pdf
515f707c44da319a479ed9ad67bba62d01bf5f8525c8a7eb8ea2606acd8870cf,other,Renewal Application Form,https://fra.gov.eg/wp-content/uploads/2024/10/نموذج-تجديد.pdf,https://fra.gov.eg/en/قرارات-لجنة-الرقابه-الشرعية-المركزية/,4,0,none_or_thin (scanned? OCR needed),,data/runtime/artifacts/l6_scrape/fra_documents/2026-10-02/raw/515f707c44da319a479ed9ad67bba62d01bf5f8525c8a7eb8ea2606acd8870cf.pdf
789101156645abc5f70a13d0df21c33a47b04870f968a5c7ba5d46d0c5d38ca8,other,Required Documents,https://fra.gov.eg/wp-content/uploads/2026/02/المستندات.pdf,https://fra.gov.eg/en/قرارات-لجنة-الرقابه-الشرعية-المركزية/,1,1091,arabic_text,sharia_committee:p1; sharia_rulings:p1,data/runtime/artifacts/l6_scrape/fra_documents/2026-10-02/raw/789101156645abc5f70a13d0df21c33a47b04870f968a5c7ba5d46d0c5d38ca8.pdf
70248b3577068becdf435d9f08e586a927c51414d10d08e38761bb3f8b95d780,other,Solvency Standards for Takaful Insurance Companies – A Comparative Study Across Selected Countries,https://fra.gov.eg/wp-content/uploads/2024/10/دراسة-معايير-الملاءة-المالية-لشركات-التأمين-التكافلي-داسة-مقارنة-بين-بعض-الدول.pdf,https://fra.gov.eg/en/التأمين-التكافلي/,18,37324,arabic_text,"sharia_committee:p11,14,15; sharia_rulings:p5,10; musharaka_mudaraba:p12; takaful:p2,3,4,5,6,7,8,9,10,11,12,13…; aaoifi:p12",data/runtime/artifacts/l6_scrape/fra_documents/2026-10-02/raw/70248b3577068becdf435d9f08e586a927c51414d10d08e38761bb3f8b95d780.pdf
9b8f571d7aede6d8377becb040ef5cd75bc0de70efb1352e518a49c94a00d4b7,other,The Impact of Economic Changes on the Profitability of Egyptian Property Insurance Companies Using Early Warning Indicators,https://fra.gov.eg/wp-content/uploads/2024/10/تأثير-التغيرات-الاقتصادية-على-ربحية-شركات-تأمينات-الممتلكات-المصرية-باستخدام-مؤشرات-الانذار-المبكر.pdf,https://fra.gov.eg/en/التأمين-التكافلي/,173,303679,arabic_text,"musharaka_mudaraba:p9,15,24,33,34,45,131; takaful:p45,76,79,97,98,99,101,103,105,146,147,148…; receivable_transfer:p45",data/runtime/artifacts/l6_scrape/fra_documents/2026-10-02/raw/9b8f571d7aede6d8377becb040ef5cd75bc0de70efb1352e518a49c94a00d4b7.pdf
a34d23480eecb1aeeb51bce63ccdee969a845740b88a60b1c57def0d0f7cdc62,other,The Malaysian Experience in Takaful Insurance – An Analytical Study,https://fra.gov.eg/wp-content/uploads/2024/10/التجربة-الماليزية-فى-التأمين-التكافلي-دراسة-تحليلية.pdf,https://fra.gov.eg/en/التأمين-التكافلي/,41,76185,arabic_text,"musharaka_mudaraba:p10,12,18,19,20,21,23,24,25,26,27,38; takaful:p4,5,6,7,8,9,10,12,13,14,15,16…; aaoifi:p22",data/runtime/artifacts/l6_scrape/fra_documents/2026-10-02/raw/a34d23480eecb1aeeb51bce63ccdee969a845740b88a60b1c57def0d0f7cdc62.pdf
c780d83b02f375eff80899e786424b90b60a0020add7c89fd87d1d257f11cb57,other,The Role of Islamic Investment Fund Management in Enhancing Fund Performance: An Analytical Study of a Sample from the Saudi Capital Market,https://fra.gov.eg/wp-content/uploads/2024/10/دور-إدارة-صناديق-الاستثمار-الإسلامية-في-تفعيل-أداء-الصندوق-دراسة-تحليلي....pdf,https://fra.gov.eg/en/صناديق-الاستثمار-الإسلامية/,14,41319,arabic_text,"sharia_rulings:p4,6,7,13; murabaha:p4; ijara:p5; musharaka_mudaraba:p5,6,7; sukuk:p3,5,13",data/runtime/artifacts/l6_scrape/fra_documents/2026-10-02/raw/c780d83b02f375eff80899e786424b90b60a0020add7c89fd87d1d257f11cb57.pdf
ba1f48f4c6128d7a077f0576257789cdeee136048ad8a8822ff72479828283e5,other,Waqf (Endowment) Investment Funds as a Mechanism for Achieving Financial Sustainability in Charitable Organizations,https://fra.gov.eg/wp-content/uploads/2024/10/صناديق-الاستثمار-الوقفية-كآلية-لتحقيق-الاستدامة-المالية-للجمعيات-الخيرية....pdf,https://fra.gov.eg/en/صناديق-الاستثمار-الإسلامية/,19,28956,arabic_text,"sharia_rulings:p10,13,15,16; musharaka_mudaraba:p9,13,14,16",data/runtime/artifacts/l6_scrape/fra_documents/2026-10-02/raw/ba1f48f4c6128d7a077f0576257789cdeee136048ad8a8822ff72479828283e5.pdf
58ba4599bf874cafa5b204b5100fad817064c2e6dc5c8f603b1c538f8bc32e19,other,click her,https://fra.gov.eg/wp-content/uploads/2026/01/نبذة-عن-شركات-التأمين-التكافلي-في-سوق-التأمين-المصري.pdf,https://fra.gov.eg/en/التأمين-التكافلي/,2,2676,arabic_text,musharaka_mudaraba:p1; takaful:p1,data/runtime/artifacts/l6_scrape/fra_documents/2026-10-02/raw/58ba4599bf874cafa5b204b5100fad817064c2e6dc5c8f603b1c538f8bc32e19.pdf
d2275e49924086b68a8ae8d00a3673002c758d730f0fbd33c6d12b5ed339b568,sharia_committee_decision,Decree No. 62 of 2019 Establishing the Central Sharia Supervisory Committee.,https://fra.gov.eg/wp-content/uploads/2024/10/قرارتشكيل-لجنه-الرقابه-الشرعيه2019-2022.pdf,https://fra.gov.eg/en/قرارات-لجنة-الرقابه-الشرعية-المركزية/,2,0,none_or_thin (scanned? OCR needed),,data/runtime/artifacts/l6_scrape/fra_documents/2026-10-02/raw/d2275e49924086b68a8ae8d00a3673002c758d730f0fbd33c6d12b5ed339b568.pdf
a740b4da78a112be4d380bb6ffe63fa785ca1d4e2a29caf66c53ddd4544b8c7a,sharia_committee_decision,Early redemption of sukuk – 26 September 2019,https://fra.gov.eg/wp-content/uploads/2024/10/فتوي-لجنة-الرقابة-الشرعية-لاصدارات-الصكوك-رقم-3-بشأن-إلاسترداد-المبكر-....pdf,https://fra.gov.eg/en/قرارات-لجنة-الرقابه-الشرعية-المركزية/,1,0,none_or_thin (scanned? OCR needed),,data/runtime/artifacts/l6_scrape/fra_documents/2026-10-02/raw/a740b4da78a112be4d380bb6ffe63fa785ca1d4e2a29caf66c53ddd4544b8c7a.pdf
a5a6dd0110e423a57c95a0ec84febd17aa75eb0ba63faa5d64ba6255c40e1e41,sharia_committee_decision,FRA Board Decree No. 176 of 2022.,https://fra.gov.eg/wp-content/uploads/2024/10/176-ضوابط-تشكيل-واشتراطات-عضوية-لجان-الرقابة-الشرعية-لإصدارات-الصكوك-المتوافقة-مع-أحكام-الشريعة-الإسلامية.pdf,https://fra.gov.eg/en/قرارات-لجنة-الرقابه-الشرعية-المركزية/,5,0,none_or_thin (scanned? OCR needed),,data/runtime/artifacts/l6_scrape/fra_documents/2026-10-02/raw/a5a6dd0110e423a57c95a0ec84febd17aa75eb0ba63faa5d64ba6255c40e1e41.pdf
0580e501b20e887814e4fee6ed11a2ce5bb030285fc5d3f7446be2416f020c0a,sharia_committee_decision,FRA Board Decree No. 177 of 2022 Reconstituting the Central Sharia Supervisory Committee.,https://fra.gov.eg/wp-content/uploads/2024/10/177-قرار-مجلس-إدارة-الهيئة-بإعادة-تشكيل-لجنة-الرقابة-الشرعية-المركزية.pdf,https://fra.gov.eg/en/قرارات-لجنة-الرقابه-الشرعية-المركزية/,1,0,none_or_thin (scanned? OCR needed),,data/runtime/artifacts/l6_scrape/fra_documents/2026-10-02/raw/0580e501b20e887814e4fee6ed11a2ce5bb030285fc5d3f7446be2416f020c0a.pdf
2828618ce596bb3bd7b6e7e823180e4cf1a150f5a0152149c77d227226d9e73f,sharia_committee_decision,FRA Board Decree No. 2981 of 2025 Reconstituting the Technical Secretariat of the Committee.,https://fra.gov.eg/wp-content/uploads/2026/01/2981-2025-قرار-رئيس-الهيئة-بشتكيل-الامانةالفنية-للجنة-الرقابة-الشرعية.pdf,https://fra.gov.eg/en/قرارات-لجنة-الرقابه-الشرعية-المركزية/,1,0,none_or_thin (scanned? OCR needed),,data/runtime/artifacts/l6_scrape/fra_documents/2026-10-02/raw/2828618ce596bb3bd7b6e7e823180e4cf1a150f5a0152149c77d227226d9e73f.pdf
703535f15daae72d640e67bab42098d17afab9f88b0e223b73f47f9d6408292b,sharia_committee_decision,FRA Board Decree No. 310 of 2025 Reconstituting the Committee.,https://fra.gov.eg/wp-content/uploads/2026/01/310-2025-بشأن-تشكيل-لجنة-الرقابة-الشرعية-المركزية-لاصدار-الصكوك-والمنتجات-المالية.pdf,https://fra.gov.eg/en/قرارات-لجنة-الرقابه-الشرعية-المركزية/,2,0,none_or_thin (scanned? OCR needed),,data/runtime/artifacts/l6_scrape/fra_documents/2026-10-02/raw/703535f15daae72d640e67bab42098d17afab9f88b0e223b73f47f9d6408292b.pdf
4cb830b22678509f2b428bb1c8d794f77edff34845acb6a2abf076c9f43470c2,sharia_committee_decision,FRA Board Decree No. 42 of 2019 Concerning the mandates and formation of the Central Sharia Supervisory Committee.,https://fra.gov.eg/wp-content/uploads/2024/10/42-2019-1.pdf,https://fra.gov.eg/en/قرارات-لجنة-الرقابه-الشرعية-المركزية/,6,0,none_or_thin (scanned? OCR needed),,data/runtime/artifacts/l6_scrape/fra_documents/2026-10-02/raw/4cb830b22678509f2b428bb1c8d794f77edff34845acb6a2abf076c9f43470c2.pdf
e1477771f9e0dacb4b7652d74cd67c265826108336f37affa77712d603a3bb4f,sharia_committee_decision,FRA Chairman Decree No. 175 of 2023 Establishing the Technical Secretariat of the Central Sharia Supervisory Committee.,https://fra.gov.eg/wp-content/uploads/2024/10/قرار-رقم-175-لسنة-2023-بتشكيل-الامانة-الفنية-للجنة-الرقابة-الشرعية.pdf,https://fra.gov.eg/en/قرارات-لجنة-الرقابه-الشرعية-المركزية/,1,0,none_or_thin (scanned? OCR needed),,data/runtime/artifacts/l6_scrape/fra_documents/2026-10-02/raw/e1477771f9e0dacb4b7652d74cd67c265826108336f37affa77712d603a3bb4f.pdf
7356e820433e512b83ea80c7e746b045964821864a0a8ca6712268a978aea2e6,sharia_committee_decision,"Financial Engineering Mechanisms as a Tool for Managing Islamic Sukuk Risks, the Impact of the Financial Crisis on the International Islamic Sukuk Market, and Sharia Rulings",https://fra.gov.eg/wp-content/uploads/2024/10/الضوابط-الماليةوالشرعية-والتنظيميه-للصكوك-دراسة-مقارنه.pdf,https://fra.gov.eg/en/الصكوك/,262,434722,arabic_text,"sharia_committee:p3,9,20,34,43,46,47,48,69,97,110,121…; sharia_rulings:p1,3,26,27,32,34,36,67,71,78,80,84…; murabaha:p20,21,41,42,46,57,58,65,68,99,101,133…; ijara:p7,12,18,19,21,31,32,41,46,48,53,60…; musharaka_mudaraba:p3,7,12,19,20,21,23,27,28,31,34,41…; sukuk:p1,4,5,6,7,8,9,10,11,12,14,15…; takaful:p37,109,145,190,209; receivable_transfer:p26,53; aaoifi:p23,97,126,132,147,252",data/runtime/artifacts/l6_scrape/fra_documents/2026-10-02/raw/7356e820433e512b83ea80c7e746b045964821864a0a8ca6712268a978aea2e6.pdf
862a94ec2609c78ce2bb181a802bb5393652c87aaf14b0022125849d34cfed00,sharia_committee_decision,Islamic Sukuk as a Sharia-Compliant Alternative to Debt Instruments in Financing and Development (1),https://fra.gov.eg/wp-content/uploads/2024/10/الصكوك-الإسلامية-كبديل-شرعي-لأدوات-الدَّين-في-التمويل-و-التنمية-1.pdf,https://fra.gov.eg/en/الصكوك/,21,46438,arabic_text,"sharia_rulings:p7,14,20; murabaha:p6,9; ijara:p6,9,21; musharaka_mudaraba:p5,9; sukuk:p1,2,3,4,5,6,7,8,9,10,11,12…; takaful:p8",data/runtime/artifacts/l6_scrape/fra_documents/2026-10-02/raw/862a94ec2609c78ce2bb181a802bb5393652c87aaf14b0022125849d34cfed00.pdf
dc60ba877d17de2bae07d83f2d9b1af2e0ceefe01c9e4e01c7262fa9492ee3bb,sharia_committee_decision,Issuance of sukuk directly by the beneficiary entity – 21 August 2019,https://fra.gov.eg/wp-content/uploads/2024/10/فتوي-لجنة-الرقابة-الشرعية-لاصدارات-الصكوك-رقم-1-بشأن-اصدار-الجهة-المست....pdf,https://fra.gov.eg/en/قرارات-لجنة-الرقابه-الشرعية-المركزية/,1,0,none_or_thin (scanned? OCR needed),,data/runtime/artifacts/l6_scrape/fra_documents/2026-10-02/raw/dc60ba877d17de2bae07d83f2d9b1af2e0ceefe01c9e4e01c7262fa9492ee3bb.pdf
5d529a51c3c5ed42abc3f541fbeeeeb96bf309dd9d37ea7e7a97b67ac1f645d0,sharia_committee_decision,Issuance of sukuk for distressed companies – 21 August 2019,https://fra.gov.eg/wp-content/uploads/2024/10/فتوي-لجنة-الرقابة-الشرعية-لاصدارات-الصكوك-رقم-2-بشأن-إصدار-صكوك-للشركا....pdf,https://fra.gov.eg/en/قرارات-لجنة-الرقابه-الشرعية-المركزية/,1,0,none_or_thin (scanned? OCR needed),,data/runtime/artifacts/l6_scrape/fra_documents/2026-10-02/raw/5d529a51c3c5ed42abc3f541fbeeeeb96bf309dd9d37ea7e7a97b67ac1f645d0.pdf
6c55dd0a1e128c4a8ef2e99004070647272dc770f30207e49fce718286c01a49,sharia_committee_decision,Redemption of sukuk at market value – 26 September 2019,https://fra.gov.eg/wp-content/uploads/2024/10/فتوي-لجنة-الرقابة-الشرعية-لاصدارات-الصكوك-رقم-4-بشأن-إطفاء-الصكوك-بالق....pdf,https://fra.gov.eg/en/قرارات-لجنة-الرقابه-الشرعية-المركزية/,1,0,none_or_thin (scanned? OCR needed),,data/runtime/artifacts/l6_scrape/fra_documents/2026-10-02/raw/6c55dd0a1e128c4a8ef2e99004070647272dc770f30207e49fce718286c01a49.pdf
1963c651579290a59f5f1c3a0465e37c999644f82b9141ddad181fff75ce5574,sharia_committee_decision,"Sukuk and the Future of Development Financial, Sharia, and Regulatory Controls Governing Sukuk: A Comparative Study",https://fra.gov.eg/wp-content/uploads/2024/10/الصكوك-ومستقبل-التنمية.pdf,https://fra.gov.eg/en/الصكوك/,403,284512,arabic_text,"sharia_committee:p380,384,388,393; sharia_rulings:p370,388,389,390,391,393; musharaka_mudaraba:p370,371,376,388,395; sukuk:p1,2,7,8,9,11,12,13,14,15,16,17…; receivable_transfer:p378,396,398; aaoifi:p145,346",data/runtime/artifacts/l6_scrape/fra_documents/2026-10-02/raw/1963c651579290a59f5f1c3a0465e37c999644f82b9141ddad181fff75ce5574.pdf
99cc1332a02b3fc65d12cafaa6ffa1767f831095dd44d4ffb861e2e620393015,sharia_html_page,Central Sharia Supervisory Committee &#8211; الهيئة العامة للرقابة المالية,https://fra.gov.eg/en/قرارات-لجنة-الرقابه-الشرعية-المركزية/,,1,17680,html_text,sharia_rulings; murabaha; ijara; musharaka_mudaraba; sukuk; takaful,data/runtime/artifacts/l6_scrape/fra_documents/2026-10-02/derived/page-central_sharia_committee_decisions_page.txt
2d28b0b03e4c04879c6af546910e1c378f930e3667c80d06da78d3d0d4bc319f,sharia_html_page,Islamic Finance for Non-Bank Financial Activities &#8211; الهيئة العامة للرقابة المالية,https://fra.gov.eg/en/التمويل-الإسلامي-للأنشطة-المالية-غير/,,1,8165,html_text,musharaka_mudaraba; sukuk; takaful,data/runtime/artifacts/l6_scrape/fra_documents/2026-10-02/derived/page-islamic_finance_non_bank_page.txt
f0780ced9984b29f5199ba4cbe6eae9f6a85288373e635b7da43e678e3754771,sharia_html_page,Islamic Investment Funds &#8211; الهيئة العامة للرقابة المالية,https://fra.gov.eg/en/صناديق-الاستثمار-الإسلامية/,,1,104355,html_text,sharia_rulings; musharaka_mudaraba; sukuk; takaful,data/runtime/artifacts/l6_scrape/fra_documents/2026-10-02/derived/page-islamic_investment_funds_page.txt
3ae403cfdd2e69b9386b6eb300f00a168861b9be6c2046b59c0ad098b716ec7b,sharia_html_page,Islamic Products and Contracts &#8211; الهيئة العامة للرقابة المالية,https://fra.gov.eg/en/المنتجات-الإسلامية-للأنشطة-المالية-غ/,,1,6707,html_text,sharia_rulings; murabaha; ijara; musharaka_mudaraba; sukuk; takaful,data/runtime/artifacts/l6_scrape/fra_documents/2026-10-02/derived/page-islamic_products_and_contracts_page_en.txt
39a479eeed8efcb989a37414236f816b7afdecc5521f46e56532d419c68dab17,sharia_html_page,Register of Subordinate Sharia Supervisory Committees &#8211; الهيئة العامة للرقابة المالية,https://fra.gov.eg/en/سجل-لجنه-الرقابة-الشرعية-الفرعية/,,1,9730,html_text,sharia_rulings; sukuk; takaful,data/runtime/artifacts/l6_scrape/fra_documents/2026-10-02/derived/page-sub_sharia_committees_registry_page.txt
aedcdfdd55b9eab711e50d954e418cceaff272bb091306f656229a4b4f9c0c0b,sharia_html_page,Sukuk &#8211; الهيئة العامة للرقابة المالية,https://fra.gov.eg/en/الصكوك/,,1,13231,html_text,sharia_rulings; murabaha; ijara; musharaka_mudaraba; sukuk; takaful,data/runtime/artifacts/l6_scrape/fra_documents/2026-10-02/derived/page-sukuk_page.txt
68c737a15c16dbdbda1d531a07b20d6fefe629eec0162e7e4aeadc36a874b911,sharia_html_page,Takaful Insurance &#8211; الهيئة العامة للرقابة المالية,https://fra.gov.eg/en/التأمين-التكافلي/,,1,11495,html_text,sharia_rulings; musharaka_mudaraba; sukuk; takaful,data/runtime/artifacts/l6_scrape/fra_documents/2026-10-02/derived/page-takaful_page.txt
845277f995a69103be0053a0874737d0387f5f8583c3faa6bf85d95e230cbcaa,sharia_html_page,التمويل الإسلامي للأنشطة المالية غير المصرفية &#8211; نبنى الجسور لا الحواجز,https://fra.gov.eg/التمويل-الإسلامي-للأنشطة-المالية-غير/,,1,6074,html_text,sharia_committee; sharia_rulings; musharaka_mudaraba; sukuk; takaful,data/runtime/artifacts/l6_scrape/fra_documents/2026-10-02/derived/page-islamic_finance_non_bank_page_ar.txt
a93350bc815153a2601dbfc0944c42d33c25c3085019420b7b3f624886b29731,sharia_html_page,المنتجات والعقود الإسلامية &#8211; نبنى الجسور لا الحواجز,https://fra.gov.eg/المنتجات-الإسلامية-للأنشطة-المالية-غ/,,1,6356,html_text,consumer_finance; sharia_committee; sharia_rulings; murabaha; ijara; musharaka_mudaraba; sukuk; takaful; receivable_transfer,data/runtime/artifacts/l6_scrape/fra_documents/2026-10-02/derived/page-islamic_products_and_contracts_page_ar.txt
931eceedb111b9c19c90a441989ee94e78a3b6f83256a6734da2898876518032,sharia_html_page,سجل لجان الرقابة الشرعية الفرعية &#8211; نبنى الجسور لا الحواجز,https://fra.gov.eg/سجل-لجنه-الرقابة-الشرعية-الفرعية/,,1,8534,html_text,sharia_committee; sharia_rulings; sukuk; takaful,data/runtime/artifacts/l6_scrape/fra_documents/2026-10-02/derived/page-sub_sharia_committees_registry_page_ar.txt
4546ea143f1feafb2b0f1ea4105e6317a53606d87c924765e275e51647206832,sharia_model_contract,Micro-Murabaha (Cost-Plus) Purchase Order Contract,https://fra.gov.eg/wp-content/uploads/2024/10/عقد-استرشادي-مرابحه-متناهي-الصغر.pdf,https://fra.gov.eg/en/المنتجات-الإسلامية-للأنشطة-المالية-غ/,4,11065,arabic_text,"sharia_committee:p3,4; sharia_rulings:p3,4; murabaha:p1,4; receivable_transfer:p3",data/runtime/artifacts/l6_scrape/fra_documents/2026-10-02/raw/4546ea143f1feafb2b0f1ea4105e6317a53606d87c924765e275e51647206832.pdf
584e6344d911b533ba0868b55589a44b02d240069583d513e87431c166991011,sharia_model_contract,Micro-Musharaka Mutanaqisa (Diminishing Partnership) Contract,https://fra.gov.eg/wp-content/uploads/2024/10/عقد-استرشادي-مشاركة-منتهية-بالتملك-1.pdf,https://fra.gov.eg/en/المنتجات-الإسلامية-للأنشطة-المالية-غ/,6,17761,arabic_text,"musharaka_mudaraba:p1,3,6; receivable_transfer:p5",data/runtime/artifacts/l6_scrape/fra_documents/2026-10-02/raw/584e6344d911b533ba0868b55589a44b02d240069583d513e87431c166991011.pdf
abd033cf407ea2607b7baa42c346ec859f3e6256fbafe6a38f0549de8eb10e7f,sharia_model_contract,Model Lease-to-Own (Ijarah Muntahia Bittamleek) Template,https://fra.gov.eg/wp-content/uploads/2025/02/نموذج-استرشادي-اجاره-منهيه-بالتمليك.pdf,https://fra.gov.eg/en/المنتجات-الإسلامية-للأنشطة-المالية-غ/,7,20541,arabic_text,"sharia_rulings:p1; ijara:p1,2,3,4,5,6; takaful:p6; receivable_transfer:p3,4,5",data/runtime/artifacts/l6_scrape/fra_documents/2026-10-02/raw/abd033cf407ea2607b7baa42c346ec859f3e6256fbafe6a38f0549de8eb10e7f.pdf
6e5edc4951e5beac0847d3db470e89f2eb0cc9e6eeb8cd443ffee898a70c8bf6,sharia_model_contract,Model Murabaha Contract for Consumer Finance,https://fra.gov.eg/wp-content/uploads/2024/10/العقد-الاسترشادي-مرابحه-تمويل-استهلاكي-1.pdf,https://fra.gov.eg/en/المنتجات-الإسلامية-للأنشطة-المالية-غ/,6,13340,arabic_text,"consumer_finance:p1,2,4,5; sharia_rulings:p1,2; murabaha:p1,2,3",data/runtime/artifacts/l6_scrape/fra_documents/2026-10-02/raw/6e5edc4951e5beac0847d3db470e89f2eb0cc9e6eeb8cd443ffee898a70c8bf6.pdf
31935ff265c620eab3d1a59acc0ce0cbcab5c2d4e977c8444144f94f8aafdd34,sharia_model_contract,تحميل المستند,https://fra.gov.eg/wp-content/uploads/2025/02/نموذج-استرشادي-الوكاله-بالاستثمار-متناهي-صغر.pdf,https://fra.gov.eg/المنتجات-الإسلامية-للأنشطة-المالية-غ/,3,10522,arabic_text,"model_contract:p1,2; sharia_committee:p3; sharia_rulings:p1,3; takaful:p2; receivable_transfer:p3",data/runtime/artifacts/l6_scrape/fra_documents/2026-10-02/raw/31935ff265c620eab3d1a59acc0ce0cbcab5c2d4e977c8444144f94f8aafdd34.pdf
