brand,brand_script,licence_key,relation,link_basis,status,website_url,corporate_contact,evidence_url,observed_text,checked_on,note
valU,latin,fra:consumer_finance:13,brand_of_licensee,first_party_terms_legal_name,established,https://valugroup.com,,https://valugroup.com/terms-and-conditions,terms name يو للتمويل الاستهلاكي (CR 34260),2026-10-01,Established financier (user decision 2026-10-02). App operator is a separate company (فاليو للمدفوعات والحلول التقنية). Terms restrict automated collection: manual review only.
فاليو,arabic,fra:consumer_finance:13,brand_of_licensee,first_party_terms_legal_name,established,https://valugroup.com,,https://valugroup.com/terms-and-conditions,brand spelling on valugroup pages (also ڤاليو),2026-10-01,Same licensee as valU.
Contact,latin,fra:consumer_finance:33,brand_of_licensee,first_party_terms_appendix,established,https://contact.eg,Info@contact.eg; 16177,https://contact.eg/terms-and-conditions-en.pdf,English terms appendix names Contact Credit Tech,2026-10-02,"Appendix scope: goods/services, Fatorty, club finance. Main agreement still missing."
Contact,latin,fra:consumer_finance:1,brand_of_licensee,fra_register_name,verified,https://contact.eg,Info@contact.eg; 16177,https://fra.gov.eg/company_records/company-record-1n-4/,FRA name كونتكت للتمويل; EN CONTACT CAR TRADING,2026-10-01,Which Contact licensee signs which product is unresolved.
Contact,latin,fra:consumer_finance:49,group_affiliate,fra_register_name,lead,,,https://fra.gov.eg/company_records/company-record-49n/,FRA name جلوبال كونتكت للتمويل الاستهلاكي,2026-10-01,Name match only; group membership unconfirmed.
Contact,latin,fra:consumer_finance_providers:17,group_affiliate_provider,fra_register_name,lead,,,,FRA providers register: عز العرب كونتكت فايننشال,2026-10-01,Car-sales provider in the Contact name family; seller-finances-own-goods route is a lead per arrangement.
Contact,latin,fra:consumer_finance_providers:19,group_affiliate_provider,fra_register_name,lead,,,,FRA providers register: كونتكت لتقسيط السيارات,2026-10-01,Car-sales provider in the Contact name family; seller-finances-own-goods route is a lead per arrangement.
Contact,latin,fra:consumer_finance_providers:24,group_affiliate_provider,fra_register_name,lead,,,,FRA providers register: بافاريان كونتكت لتجاره السيارات,2026-10-01,Car-sales provider in the Contact name family; seller-finances-own-goods route is a lead per arrangement.
Contact,latin,fra:factoring:8,group_factoring_affiliate,fra_register_name,lead,,,https://fra.gov.eg/company_records/company-record-8n-3/,FRA name كونتكت للتخصيم; EN Contact Factoring S.A.E,2026-10-01,Relevant to receivable sale/assignment questions.
Souhoola,latin,fra:consumer_finance:10,brand_of_licensee,fra_register_name,verified,https://souhoola.com,help@souhoola.com; 15227,https://souhoola.com/terms-conditions,FRA name contains سهوله; Feb-2026 terms name Contact Investment for Consumer Finance,2026-10-02,Legal-name conflict (CI / BM / Contact Investment) unresolved. Automated route unknown; terms restrict reproduction.
سهولة,arabic,fra:consumer_finance:10,brand_of_licensee,fra_register_name,verified,https://souhoola.com,,,FRA name contains سهوله,2026-10-02,Same licensee as Souhoola.
Aman,latin,fra:consumer_finance:43,brand_of_licensee,fra_register_name,verified,https://aman.eg,19910,https://aman.eg/en/service/get-aman-installment-limit/,FRA name امان للتمويل الاستهلاكي; EN Aman Consumer Finance (S.A.M),2026-10-02,Own store + merchant network + branches; Islamic product is a separate document task.
Aman,latin,fra:consumer_finance_providers:2,group_affiliate_provider,fra_register_name,lead,https://aman.eg/ar/,,https://amwalalghad.com/2020/04/28/%D8%A3%D9%85%D8%A7%D9%86-%D8%AA%D8%AD%D8%B5%D9%84-%D8%B9%D9%84%D9%89-%D8%AA%D8%B1%D8%AE%D9%8A%D8%B5-%D9%85%D9%8F%D9%82%D8%AF%D9%85-%D8%AE%D8%AF%D9%85%D8%A9-%D8%AA%D9%85%D9%88%D9%8A/,FRA providers register: امان للخدمات الماليه (licence date 2020-04-16); press 2020-04-28: Aman obtained a consumer-finance provider licence,2026-10-02,"Contrast pair with #43. Aman's own instalment page (manual review 2026-10-02) sells through its online store, merchant network and branches under one brand, footer شركة أمان القابضة; no first-party page names the provider entity, so which channel uses #2 vs #43 is unresolved."
Raya,latin,fra:consumer_finance_providers:3,brand_of_provider,fra_register_name,verified,https://www.rayashop.com/ar/installments,support@rayashop.com,https://www.rayashop.com/ar/installments,Takseety page: برنامج تمويل مباشر حصري مملوك لشركة راية ... تخضع الموافقة النهائية لسياسة الائتمان بشركة راية; shop terms: contract with شركة راية للتجارة، التي تمارس الأعمال التجارية بصفتها متجر راية,2026-10-02,"Manual review 2026-10-02. Seller finances its own goods in Raya's own words, but the shop's contracting party is Raya Trade while the FRA-registered provider is رايه للالكترونيات (Raya Electronics): which entity extends the credit is an open question. Aman's parent-group name is also Raya."
Takseety,latin,fra:consumer_finance_providers:3,programme_of_provider,first_party_programme_page,verified,https://www.rayashop.com/en/installments,,https://www.rayashop.com/en/installments,Takseety is an exclusive direct financing program by Raya,2026-10-02,Same open question as the Raya row.
Halan,latin,fra:consumer_finance:23,brand_of_licensee,fra_register_name,verified,https://halan.com,Info@halan.com; 16303,https://halan.com/personal-lending/,FRA name حالا للتمويل الاستهلاكي; EN Halan for consumer finance co.,2026-10-02,Halan Shop (own goods) and external-vendor financing are separate arrangements.
Halan,latin,fra:factoring:50,group_factoring_affiliate,fra_register_name,lead,,,,FRA name حالا لخدمات التمويل غير المصرفيه (also mortgage #32),2026-10-02,Same company number holds factoring #50 and mortgage #32.
mylo,latin,fra:consumer_finance:48,brand_of_licensee,first_party_parent_statement_plus_register_name,verified,https://btech.com/en/mylo-explore,,https://btech.com/en/mylo-explore,B.TECH page: mylo is 'powered by B.TECH' and marketed as Sharia-compliant; FRA #48 is بي تك للتمويل BTECH FINANCE SAE,2026-10-02,"Search-index text of B.TECH's Mylo terms (sites.google.com/btech.com/mylo-terms-and-conditions-en) names B.TECH Finance operating as مايلو under Law 18/2020, but on 2026-10-02 that page required a Google sign-in, so it was not read. Upgrade to established once a readable copy is obtained. B.TECH site terms restrict scraping: manual review only. 'Sharia-compliant' is marketing, not a scholar finding. Mylo also finances other merchants (e.g. 2B offer terms)."
مايلو,arabic,fra:consumer_finance:48,brand_of_licensee,first_party_parent_statement_plus_register_name,verified,https://btech.com/en/mylo-explore,,https://btech.com/en/mylo-explore,Arabic brand name (search-index text of gated terms),2026-10-02,"Same licensee as mylo. Search-index text of B.TECH's Mylo terms (sites.google.com/btech.com/mylo-terms-and-conditions-en) names B.TECH Finance operating as مايلو under Law 18/2020, but on 2026-10-02 that page required a Google sign-in, so it was not read. Upgrade to established once a readable copy is obtained."
B.TECH,latin,fra:consumer_finance_providers:7,brand_of_provider,first_party_terms_licence_number,established,https://btech.com,,https://btech.com/ar/terms-and-conditions,"terms: خدمات الميني كاش تقدم تحت ترخيص الهيئة العامة للرقابة المالية رقم 7/2020; instalment requests approved by B.TECH's credit department, which computes the interest (احتساب الفوائد)",2026-10-02,Manual review 2026-10-02 (B.TECH terms restrict scraping). Seller financing its own goods via minicash under provider licence #7; Mylo runs through B.TECH Finance (#48). Contrast pair #7 vs #48.
minicash,latin,fra:consumer_finance_providers:7,programme_of_provider,first_party_terms_licence_number,established,https://btech.com,,https://btech.com/ar/terms-and-conditions,خدمات الميني كاش تقدم تحت ترخيص الهيئة العامة للرقابة المالية رقم 7/2020,2026-10-02,B.TECH's in-house instalment programme.
ميني كاش,arabic,fra:consumer_finance_providers:7,programme_of_provider,first_party_terms_licence_number,established,https://btech.com,,https://btech.com/ar/terms-and-conditions,خدمات الميني كاش تقدم تحت ترخيص الهيئة العامة للرقابة المالية رقم 7/2020,2026-10-02,Same as minicash.
B.TECH,latin,fra:consumer_finance:48,group_financier,fra_register_name,verified,https://btech.com/en/mylo-explore,,,FRA name بي تك للتمويل BTECH FINANCE SAE,2026-10-02,"Group finance company; Mylo link per the mylo rows. Search-index text of B.TECH's Mylo terms (sites.google.com/btech.com/mylo-terms-and-conditions-en) names B.TECH Finance operating as مايلو under Law 18/2020, but on 2026-10-02 that page required a Google sign-in, so it was not read. Upgrade to established once a readable copy is obtained."
Forsa,latin,fra:consumer_finance:26,brand_of_licensee,first_party_privacy_policy_legal_name,established,https://www.forsaegypt.com,ask@forsaegypt.com; drive-info@drive-finance.com,https://www.forsaegypt.com/ar/privacy,"privacy policy: درايف للتمويل والخدمات المالية غير المصرفية ش.م.م. (Drive Finance and Non-Banking Services Co. S.A.E.), CR 164123, FRA factoring licence 3 and consumer-finance licence 26",2026-10-02,Manual public-page review in an ordinary browser (JS-rendered). Parent GB Corp also states Forsa is powered by Drive Finance. The page itself confirms both licences the old dedupe collapsed.
Forsa,latin,fra:factoring:3,same_company_factoring_licence,first_party_privacy_policy_legal_name,established,https://www.forsaegypt.com,,https://www.forsaegypt.com/ar/privacy,privacy policy names FRA factoring licence 3 for the same company,2026-10-02,Receivable sale/assignment questions belong to the scholar's contract review.
Drive Finance,latin,fra:consumer_finance:26,brand_of_licensee,fra_register_name,established,,,,FRA EN name Drive Finance,2026-10-02,Licence #26 was dropped by the old dedupe in the all-register export.
Telda,latin,fra:consumer_finance:company-67654,brand_of_licensee,third_party_report_or_search,lead,https://telda.app,,https://egyptinnovate.com/en/news/fra-approves-teldas-license-to-operate-in-consumer-finance,FRA name تيلدا للتمويل الاستهلاكي,2026-10-02,No licence number published on FRA. located by web search 2026-10-02; page not captured; legal-name clause not checked
Klivvr,latin,fra:consumer_finance:53,brand_of_licensee,third_party_report_or_search,lead,https://klivvr.com,,https://www.zawya.com/en/economy/north-africa/egypt-sahl-klivvr-partner-to-enable-installment-payments-through-mobile-app-412357,FRA name كليفر للتمويل الاستهلاكي KLIVVR,2026-10-02,BNPL with in-app shop and merchant instalments. located by web search 2026-10-02; page not captured; legal-name clause not checked
Khazna,latin,fra:consumer_finance:37,brand_of_licensee,third_party_report_or_search,lead,https://www.khazna.app,,https://techcrunch.com/2022/03/31/egyptian-financial-super-app-khazna-raises-38m-from-quona-capital-and-lendable/,FRA name خزنه للتمويل الاستهلاكي (فاروس سابقا),2026-10-02,Earned-wage access plus BNPL. located by web search 2026-10-02; page not captured; legal-name clause not checked
Shahry,latin,fra:consumer_finance:36,brand_of_licensee,third_party_report_or_search,lead,https://shahry.app,,https://www.paymentsjournal.com/will-carbon-and-shahry-usher-in-a-wave-of-buy-now-pay-later-services-in-africa/,FRA name شهري للتمويل الاستهلاكي,2026-10-02,Merchant-network BNPL. located by web search 2026-10-02; page not captured; legal-name clause not checked
Blnk,latin,fra:consumer_finance:22,brand_of_licensee,third_party_report_or_search,lead,,,https://techcrunch.com/2022/11/10/blnk-a-fintech-that-provides-instant-consumer-credit-in-egypt-raises-32m-in-debt-and-equity/,FRA name بلنك للتمويل الاستهلاكي,2026-10-02,Point-of-sale financing at third-party merchants; website not confirmed. located by web search 2026-10-02; page not captured; legal-name clause not checked
Lime,latin,fra:consumer_finance:51,brand_of_licensee,third_party_report_or_search,lead,,,https://www.wamda.com/2025/07/fab-lime-app-enters-egypt-fintech-scene-9-4-million-investment-arabic,FRA EN name Lime Consumer Finance,2026-10-02,FAB-owned; education and retail; website not confirmed. located by web search 2026-10-02; page not captured; legal-name clause not checked
Bravo,latin,fra:consumer_finance:52,brand_of_licensee,third_party_report_or_search,lead,,,https://fra.gov.eg/en/company_records/%D8%A8%D8%B1%D8%A7%D9%81%D9%88-%D9%84%D9%84%D8%AA%D9%85%D9%88%D9%8A%D9%84-%D8%A7%D9%84%D8%A7%D8%B3%D8%AA%D9%87%D9%84%D8%A7%D9%83%D9%8A-bravo-finance/,FRA name برافو للتمويل الاستهلاكي BRAVO FINANCE,2026-10-02,Brand/website not found; everyday-word brand. located by web search 2026-10-02; page not captured; legal-name clause not checked
algo,latin,fra:consumer_finance:54,brand_of_licensee,third_party_report_or_search,lead,,,https://amwalalghad.com/2026/01/19/%D8%A7%D9%84%D8%B1%D9%82%D8%A7%D8%A8%D8%A9-%D8%A7%D9%84%D9%85%D8%A7%D9%84%D9%8A%D8%A9-%D8%AA%D9%85%D9%86%D8%AD-%D8%B4%D8%B1%D9%83%D8%A9-%D8%A3%D9%88%D8%B1%D8%A7%D9%8A%D9%88%D9%86-algo/,FRA name الجو للتمويل الاستهلاكي (اورايون سابقا),2026-10-02,Talaat Moustafa Group and AUR partnership (press). located by web search 2026-10-02; page not captured; legal-name clause not checked
ADVA,latin,fra:consumer_finance:company-67650,brand_of_licensee,third_party_report_or_search,lead,,,https://www.forbesmiddleeast.com/money/fintech/maseera-holding-acquires-egypt-based-consumer-finance-firm-adva-for-undisclosed-amount,FRA name ادفا للتمويل الاستهلاكي,2026-10-02,Services instalments; IHC/Maseera owned. No licence number on FRA. located by web search 2026-10-02; page not captured; legal-name clause not checked
Manzel Fin,latin,fra:consumer_finance:company-67653,brand_of_licensee,third_party_report_or_search,lead,,,,FRA name منزل للتمويل الاستهلاكي والتمويل العقاري,2026-10-02,No web presence found; CF and mortgage under one company number. located by web search 2026-10-02; page not captured; legal-name clause not checked
Malaz,latin,fra:consumer_finance:55,brand_of_licensee,third_party_report_or_search,lead,,,https://arabic.cnn.com/middle-east/article/2026/09/06/egypt-economy-cairo-education,FRA name ملاذ للتمويل الاستهلاكي,2026-10-02,Press: licence approved before FRA Decision 43/2026 suspended new applications. located by web search 2026-10-02; page not captured; legal-name clause not checked
Buy and Go,latin,fra:consumer_finance:50,brand_of_licensee,third_party_report_or_search,lead,,,https://amwalalghad.com/2024/12/19/%D8%A8%D8%A7%D9%8A-%D8%A7%D9%86%D8%AF-%D8%AC%D9%88-%D8%AA%D9%82%D8%AA%D8%B1%D8%A8-%D9%85%D9%86-%D8%A7%D9%84%D8%AD%D8%B5%D9%88%D9%84-%D8%B9%D9%84%D9%89-%D8%B1%D8%AE%D8%B5%D8%A9-%D9%85%D8%B2/,FRA name باي اند جو للتمويل الاستهلاكي,2026-10-02,Converted from a commercial-agencies company (FRA decision 3040/2024). located by web search 2026-10-02; page not captured; legal-name clause not checked
معاك,arabic,fra:consumer_finance:47,brand_of_licensee,third_party_report_or_search,lead,,,,FRA name معاك للتمويل الاستهلاكي,2026-10-02,Search found Maak MICROFINANCE (different company number 67423); CF brand unconfirmed. located by web search 2026-10-02; page not captured; legal-name clause not checked
O2 Finance,latin,fra:consumer_finance:46,brand_of_licensee,third_party_report_or_search,lead,https://o2-finance.com,,https://o2-finance.com/about-us/,FRA name اوتو للتمويل الاستهلاكي; EN O2 FINANCE,2026-10-02,Auto financing focus. located by web search 2026-10-02; page not captured; legal-name clause not checked
Just Finance,latin,fra:consumer_finance:45,brand_of_licensee,third_party_report_or_search,lead,https://justfinance-eg.com,,https://www.linkedin.com/company/just-finance-egypt,FRA name جاست للتمويل الاستهلاكي (وان للتمويل الاستهلاكي سابقا),2026-10-02,Reported owned via Credit Agricole Egypt real-estate finance arm. located by web search 2026-10-02; page not captured; legal-name clause not checked
AUR Consumer Finance,latin,fra:consumer_finance:40,brand_of_licensee,third_party_report_or_search,lead,,,https://www.dailynewsegypt.com/2023/10/15/aur-consumer-finance-to-launch-egp-300m-securitization-bond-issuance-soon/,FRA name اور للتمويل الاستهلاكي,2026-10-02,Brand reported as Waseela; website not confirmed. located by web search 2026-10-02; page not captured; legal-name clause not checked
Alkan Finance,latin,fra:consumer_finance:39,brand_of_licensee,third_party_report_or_search,lead,https://alkanholding.com,,https://cbonds.com/company/601817/,FRA name الكان فاينانس للخدمات الماليه ALKAN FINANCE,2026-10-02,Group site only. located by web search 2026-10-02; page not captured; legal-name clause not checked
One Finance,latin,fra:consumer_finance:34,brand_of_licensee,third_party_report_or_search,lead,https://onefinance.com.eg,,https://onefinance.com.eg/,FRA name وان فاينانس لخدمات التمويل الاستهلاكي,2026-10-02,Not the same as Just Finance's former name وان للتمويل الاستهلاكي. located by web search 2026-10-02; page not captured; legal-name clause not checked
MOGO,latin,fra:consumer_finance:32,brand_of_licensee,third_party_report_or_search,lead,https://midtakseet.com,,https://www.dailynewsegypt.com/2024/12/04/mid-takseet-rebrands-as-mogo-increases-capital-to-egp-225m/,FRA name ميد بنك للتمويل الاستهلاكي موجو,2026-10-02,Rebranded from Mid Takseet. located by web search 2026-10-02; page not captured; legal-name clause not checked
Bedayti,latin,fra:consumer_finance:31,brand_of_licensee,third_party_report_or_search,lead,https://bedayti.com/en,,https://www.zawya.com/en/business/egypts-ekh-ready-to-enter-nbfs-through-launching-bedayti-l5df3f66,FRA name بدايتي للتمويل الاستهلاكي,2026-10-02,Website found is the microfinance sister; CF site unconfirmed. located by web search 2026-10-02; page not captured; legal-name clause not checked
myfawry taqseet,latin,fra:consumer_finance:30,brand_of_licensee,third_party_report_or_search,lead,https://www.fawry.com/bnplbuy-now-pay-later/,,https://www.fawry.com/bnplbuy-now-pay-later/,FRA name فوري للتمويل الاستهلاكي; EN Fawry Consumer Finance,2026-10-02,Fawry microfinance/SME licences sit under another company number. located by web search 2026-10-02; page not captured; legal-name clause not checked
MLF Finance,latin,fra:consumer_finance:29,brand_of_licensee,third_party_report_or_search,lead,https://mlf-finance.com,,https://mlf-finance.com/about-us/,FRA name ام ال اف ...,2026-10-02,"One company with four licences (CF, leasing, factoring, mortgage). located by web search 2026-10-02; page not captured; legal-name clause not checked"
Ollin,latin,fra:consumer_finance:28,brand_of_licensee,third_party_report_or_search,lead,https://ollin.com.eg,,https://ollin.com.eg/about,FRA name جلوبال كورب للتمويل الاستهلاكي والعقاري(اولين),2026-10-02,GlobalCorp lifestyle finance; also mortgage #21. located by web search 2026-10-02; page not captured; legal-name clause not checked
Takka,latin,fra:consumer_finance:27,brand_of_licensee,third_party_report_or_search,lead,https://www.adib.eg/Subsidiaries/adiconsumerfinance,,https://www.adib.eg/Subsidiaries/adiconsumerfinance,FRA name ابو ظبي الاسلامي للتمويل الاستهلاكي,2026-10-02,ADIB subsidiary marketed as Sharia-compliant (Murabaha). Marketing claim is not a scholar finding. located by web search 2026-10-02; page not captured; legal-name clause not checked
ALJ Finance,latin,fra:consumer_finance:16,brand_of_licensee,third_party_report_or_search,lead,https://www.aljfinance.com.eg,,https://www.aljfinance.com.eg/,FRA name جميل للتمويل (عبد اللطيف جميل للتمويل سابقا),2026-10-02,located by web search 2026-10-02; page not captured; legal-name clause not checked
Premium Card,latin,fra:consumer_finance:15,brand_of_licensee,third_party_report_or_search,lead,https://premiumcard.net,,https://www.dailynewsegypt.com/2023/10/23/premium-international-to-offer-egp-2-3bn-financing-during-2024/,FRA name بريميوم انترناشيونال لخدمات التمويل,2026-10-02,Card instalments across a merchant network. located by web search 2026-10-02; page not captured; legal-name clause not checked
Rawaj,latin,fra:consumer_finance:14,brand_of_licensee,third_party_report_or_search,lead,https://rawaj-egypt.com,,https://rawaj-egypt.com/about-us/,FRA name رواج للتمويل الاستهلاكي (رواج لتجاره السيارات سابقا),2026-10-02,Press also cites rawaj-finance.com. located by web search 2026-10-02; page not captured; legal-name clause not checked
Sky Finance,latin,fra:consumer_finance:8,brand_of_licensee,third_party_report_or_search,lead,https://sf.sky.eg/,,https://sf.sky.eg/,FRA name سكاي فاينانس للتمويل الاستهلاكي,2026-10-02,Auto-led. located by web search 2026-10-02; page not captured; legal-name clause not checked
seven,latin,fra:consumer_finance:6,brand_of_licensee,third_party_report_or_search,lead,https://www.beltoneholding.com/NBFIs/consumer-finance,,https://www.dailynewsegypt.com/2023/09/25/beltone-rebrands-its-consumer-finance-subsidiary-belcash-to-seven/,FRA name بلتون للتمويل الاستهلاكي (سفن) بل كاش سابقا,2026-10-02,EGX-listed parent Beltone (BTFH). located by web search 2026-10-02; page not captured; legal-name clause not checked
Corplease,latin,fra:consumer_finance:56,brand_of_licensee,third_party_report_or_search,lead,,,,FRA name كوربليس للتاجير التمويلي مصر كورب ليس,2026-10-02,"New CF licence dated 2026-08-24, same company number as Corplease leasing/factoring. located by web search 2026-10-02; page not captured; legal-name clause not checked"
Orange Egypt,latin,fra:consumer_finance_providers:41,brand_of_provider,third_party_report_or_search,lead,,,https://www.telecompaper.com/news/orange-egypt-signs-cooperation-agreement-with-contact-creditech--1461894,FRA providers register: اورنج مصر للاتصالات,2026-10-02,Registered provider AND distributes Contact Creditech financing in MyOrange: both routes. Orange e-shop (manual review 2026-10-02) offers 'cash or instalment' (كاش أو قسط); no instalment terms page located. located by web search 2026-10-02; page not captured; legal-name clause not checked
SMG,latin,fra:consumer_finance_providers:18,brand_of_provider,third_party_report_or_search,lead,,,https://www.alborsaanews.com/2019/07/14/1224834,FRA providers register: اس ام جي لخدمات التقسيط,2026-10-02,Launched by Contact with SMG. located by web search 2026-10-02; page not captured; legal-name clause not checked
Abu Ghaly Motors,latin,fra:consumer_finance_providers:35,brand_of_provider,third_party_report_or_search,lead,,,,FRA providers register: ابو غالي لخدمات التقسيط,2026-10-02,"Geely agent. Search shows 'Abou Ghaly Finance' as a partnership with Contact Finance (geelyautoegypt.com/en/after-sales-services/abou-ghaly-finance; page redirected and was not read): the creditor in a dealer-branded plan may be Contact, not the provider. located by web search 2026-10-02; page not captured; legal-name clause not checked"
Rizkalla,latin,fra:consumer_finance_providers:11,brand_of_provider,third_party_report_or_search,lead,https://riz.shop,,https://riz.shop/en/pages/customer-individual-installment,FRA providers register: ار اي زد جروب للتجاره RIZ GROUP FOR TRADING; riz.shop: 'RizPay direct installment program',2026-10-02,Electronics retailer financing its own sales (manual review 2026-10-02); page does not name the legal entity. located by web search 2026-10-02; page not captured; legal-name clause not checked
Mashroey,latin,fra:consumer_finance_providers:21,brand_of_provider,third_party_report_or_search,lead,https://mashroey.com,,https://mashroey.com/%D8%AA%D9%82%D8%AF%D9%8A%D9%85-%D8%B7%D9%84%D8%A8-%D8%B4%D8%B1%D8%A7%D8%A1/,FRA providers register: مشروعي للتجاره (خدمات استشارات الميكروتمويل مشروعي سابقا),2026-10-02,"Motorbikes, tuk-tuks and cars on instalments; hotline 16148 per third-party sites. mashro3y-eg.com looks unofficial. located by web search 2026-10-02; page not captured; legal-name clause not checked"
Star,latin,fra:consumer_finance_providers:25,brand_of_provider,third_party_report_or_search,lead,,,,FRA providers register: ستار لتقسيط السيارات,2026-10-02,Reported Thara Capital subsidiary (third-party directory). located by web search 2026-10-02; page not captured; legal-name clause not checked
