financier,entity_key,name_text,script,name_kind,identifier,source_url,captured_at,evidence_sha256,review_status,note
valU,fra:consumer_finance:13,يو للتمويل الاستهلاكي ( فاليو للتمويل الاستهلاكي(سايقا)) VALU CONSUMER FINANCE فاليو لخدمات البيع بالتقسيط VAIU سابقا,mixed,fra_register_name_ar,FRA تمويل استهلاكي #13; company no. 5501163,https://fra.gov.eg/company_records/company-record-13n-2/,2026-10-01,e62916e544d3275cd0ed0d9e5898237b8c6f61d02870fb9ab708e4516b293bdc,pending_client_review,verbatim FRA Arabic name field
valU,fra:consumer_finance:13,U Consumer Finance,latin,fra_register_name_en,FRA تمويل استهلاكي #13; company no. 5501163,https://fra.gov.eg/company_records/company-record-13n-2/,2026-10-01,e62916e544d3275cd0ed0d9e5898237b8c6f61d02870fb9ab708e4516b293bdc,pending_client_review,verbatim FRA English name field
valU,fra:consumer_finance:13,فاليو للتمويل الاستهلاكي,arabic,former_name_in_fra_text,FRA تمويل استهلاكي #13; company no. 5501163,https://fra.gov.eg/company_records/company-record-13n-2/,2026-10-01,e62916e544d3275cd0ed0d9e5898237b8c6f61d02870fb9ab708e4516b293bdc,pending_client_review,literal substring of the FRA Arabic name field marked سابقا
valU,fra:consumer_finance:13,VALU CONSUMER FINANCE,latin,former_name_in_fra_text,FRA تمويل استهلاكي #13; company no. 5501163,https://fra.gov.eg/company_records/company-record-13n-2/,2026-10-01,e62916e544d3275cd0ed0d9e5898237b8c6f61d02870fb9ab708e4516b293bdc,pending_client_review,literal substring of the FRA Arabic name field marked سابقا
valU,fra:consumer_finance:13,فاليو لخدمات البيع بالتقسيط,arabic,former_name_in_fra_text,FRA تمويل استهلاكي #13; company no. 5501163,https://fra.gov.eg/company_records/company-record-13n-2/,2026-10-01,e62916e544d3275cd0ed0d9e5898237b8c6f61d02870fb9ab708e4516b293bdc,pending_client_review,literal substring of the FRA Arabic name field marked سابقا
valU,fra:consumer_finance:13,VAIU,latin,former_name_in_fra_text,FRA تمويل استهلاكي #13; company no. 5501163,https://fra.gov.eg/company_records/company-record-13n-2/,2026-10-01,e62916e544d3275cd0ed0d9e5898237b8c6f61d02870fb9ab708e4516b293bdc,pending_client_review,literal substring of the FRA Arabic name field marked سابقا
valU,fra:consumer_finance:13,U Consumer Finance S.A.E,latin,legal_name_stated_by_site,EGX: VALU.CA,https://valugroup.com/ar/about-us,2026-10-01,e5e3309d06c73b6992653477bb5578da4a23872c52ab1ff7076d877cffed88ee,pending_client_review,site: 'الاسم القانوني: (U Consumer Finance S.A.E) كود (EGX: VALU.CA)'
valU,fra:consumer_finance:13,يو للتمويل الاستهلاكي,arabic,legal_name_stated_by_site,CR 34260,https://valugroup.com/terms-and-conditions,2026-10-01,2e1350fb187591a92033317c6cd43118b3150baa9d0e207b0465c5a46e057244,pending_client_review,"terms: parent company, FRA licence 'رقم 13 لسنة 2020', commercial register 34260"
valU,app:valu_payments,فاليو للمدفوعات والحلول التقنية ش.م.م,arabic,app_operator_company,CR 119489,https://valugroup.com/terms-and-conditions,2026-10-01,2e1350fb187591a92033317c6cd43118b3150baa9d0e207b0465c5a46e057244,pending_client_review,"terms: app/payments operator, commercial register 119489; NOT the FRA licensee"
valU,group:efg_holding,مجموعة اى اف جي القابضة ش.م.م,arabic,parent_group,,https://valugroup.com/privacy-policy,2026-10-01,1bd21e17ede8be7328e02edb659c9f7f8c03019a5a77acdcba988599d4c4b96f,pending_client_review,privacy policy: valU payments company is a subsidiary; one occurrence spelled 'لقابضة'
valU,brand:valu,فاليو,arabic,brand_name,,https://valugroup.com/terms-and-conditions,2026-10-01,2e1350fb187591a92033317c6cd43118b3150baa9d0e207b0465c5a46e057244,pending_client_review,"brand spelling (feh), 279 occurrences across valugroup pages"
valU,brand:valu,ڤاليو,arabic,brand_name,,https://valugroup.com/ar/about-us,2026-10-01,e5e3309d06c73b6992653477bb5578da4a23872c52ab1ff7076d877cffed88ee,pending_client_review,"brand spelling (veh), 31 occurrences"
valU,brand:valu,Valu,latin,brand_name,,https://valugroup.com,2026-10-01,6e282170d3462ba999cf5971ea5b058077fad04629baf4e76d3f35729a552df9,pending_client_review,site copyright 'Copyright © 2026 Valu'
valU,brand:valu,ValU,latin,brand_name,,https://valugroup.com/terms-and-conditions,2026-10-01,2e1350fb187591a92033317c6cd43118b3150baa9d0e207b0465c5a46e057244,pending_client_review,"terms: 'ValU ("" شركة فاليو "")'"
valU,brand:valu,valugroup.com,latin,web_presence,,https://valugroup.com,2026-10-01,6e282170d3462ba999cf5971ea5b058077fad04629baf4e76d3f35729a552df9,pending_client_review,"www.valu.com.eg redirected here on 2026-10-01; site also operates in Jordan (separate jurisdiction, entity not captured)"
Contact,fra:consumer_finance:1,كونتكت للتمويل,arabic,fra_register_name_ar,FRA تمويل استهلاكي #1; company no. 555090,https://fra.gov.eg/company_records/company-record-1n-4/,2026-10-01,03c132f9c0193e4e3ac5a0ec323dda146d64b0fefe5272031dd3d2aed3812899,pending_client_review,verbatim FRA Arabic name field
Contact,fra:consumer_finance:1,CONTACT CAR TRADING,latin,fra_register_name_en,FRA تمويل استهلاكي #1; company no. 555090,https://fra.gov.eg/company_records/company-record-1n-4/,2026-10-01,03c132f9c0193e4e3ac5a0ec323dda146d64b0fefe5272031dd3d2aed3812899,pending_client_review,verbatim FRA English name field
Contact,fra:consumer_finance_providers:17,عز العرب كونتكت فايننشال,arabic,fra_register_name_ar,FRA مقدمي التمويل الاستهلاكي #17; company no. 676026,https://fra.gov.eg/company_records/company-record-17n-2/,2026-10-01,ac5732e86447774976bf161226e1e0f7f3d0e32dddb55089260652bc0b02e809,pending_client_review,verbatim FRA Arabic name field
Contact,fra:consumer_finance_providers:17,Contact co.,latin,fra_register_name_en,FRA مقدمي التمويل الاستهلاكي #17; company no. 676026,https://fra.gov.eg/company_records/company-record-17n-2/,2026-10-01,ac5732e86447774976bf161226e1e0f7f3d0e32dddb55089260652bc0b02e809,pending_client_review,verbatim FRA English name field
Contact,fra:consumer_finance_providers:19,كونتكت لتقسيط السيارات ( كونتكت المصريه العالميه لتقسيط السيارات سابقا ),arabic,fra_register_name_ar,FRA مقدمي التمويل الاستهلاكي #19; company no. 676021,https://fra.gov.eg/company_records/company-record-19n-2/,2026-10-01,381864b27ad3a38a5c920e1a395edeff40e00d4526706fd10044826d10b9f011,pending_client_review,verbatim FRA Arabic name field
Contact,fra:consumer_finance_providers:19,contact,latin,fra_register_name_en,FRA مقدمي التمويل الاستهلاكي #19; company no. 676021,https://fra.gov.eg/company_records/company-record-19n-2/,2026-10-01,381864b27ad3a38a5c920e1a395edeff40e00d4526706fd10044826d10b9f011,pending_client_review,verbatim FRA English name field
Contact,fra:consumer_finance_providers:19,كونتكت المصريه العالميه لتقسيط السيارات,arabic,former_name_in_fra_text,FRA مقدمي التمويل الاستهلاكي #19; company no. 676021,https://fra.gov.eg/company_records/company-record-19n-2/,2026-10-01,381864b27ad3a38a5c920e1a395edeff40e00d4526706fd10044826d10b9f011,pending_client_review,literal substring of the FRA Arabic name field marked سابقا
Contact,fra:consumer_finance_providers:24,بافاريان كونتكت لتجاره السيارات,arabic,fra_register_name_ar,FRA مقدمي التمويل الاستهلاكي #24; company no. 676007,https://fra.gov.eg/company_records/company-record-24n-3/,2026-10-01,73788a2c2b53356b5325599d8e2ca96af755ed1acee105ec72284b19c9ffe095,pending_client_review,verbatim FRA Arabic name field
Contact,fra:consumer_finance_providers:24,No data exists,latin,fra_register_name_en_absent,FRA مقدمي التمويل الاستهلاكي #24; company no. 676007,https://fra.gov.eg/company_records/company-record-24n-3/,2026-10-01,73788a2c2b53356b5325599d8e2ca96af755ed1acee105ec72284b19c9ffe095,pending_client_review,FRA shows no English name; none supplied by us
Contact,fra:consumer_finance:33,كونتكت كريدي تك للتمويل الاستهلاكي CONTACT CREDITECH,mixed,fra_register_name_ar,FRA تمويل استهلاكي #33; company no. 676033,https://fra.gov.eg/company_records/company-record-33n/,2026-10-01,62efa118e03d4974aeb23a1a0c67714921d0dc07c9aea0c6800f5fa637376cea,pending_client_review,verbatim FRA Arabic name field
Contact,fra:consumer_finance:33,Contact Credi Tech S.A.E,latin,fra_register_name_en,FRA تمويل استهلاكي #33; company no. 676033,https://fra.gov.eg/company_records/company-record-33n/,2026-10-01,62efa118e03d4974aeb23a1a0c67714921d0dc07c9aea0c6800f5fa637376cea,pending_client_review,verbatim FRA English name field
Contact,fra:consumer_finance:49,جلوبال كونتكت للتمويل الاستهلاكي GLOBAL CONTACT FINANCE,mixed,fra_register_name_ar,FRA تمويل استهلاكي #49; company no. 67647,https://fra.gov.eg/company_records/company-record-49n/,2026-10-01,bad71f2a4efd1995471fa762de90e19e9aad0aee60bd559402fd3e7e6388907b,pending_client_review,verbatim FRA Arabic name field
Contact,fra:consumer_finance:49,No data exists,latin,fra_register_name_en_absent,FRA تمويل استهلاكي #49; company no. 67647,https://fra.gov.eg/company_records/company-record-49n/,2026-10-01,bad71f2a4efd1995471fa762de90e19e9aad0aee60bd559402fd3e7e6388907b,pending_client_review,FRA shows no English name; none supplied by us
Contact,fra:factoring:8,كونتكت للتخصيم ( بلس للتخصيم سابقا ),arabic,fra_register_name_ar,FRA تخصيــــــــــم #8; company no. 6707926,https://fra.gov.eg/company_records/company-record-8n-3/,2026-10-01,bb156d6ac732a01558258a181110ffaf289257d468644ac449c143bf03f8de4c,pending_client_review,verbatim FRA Arabic name field
Contact,fra:factoring:8,Contact Factoring S.A.E,latin,fra_register_name_en,FRA تخصيــــــــــم #8; company no. 6707926,https://fra.gov.eg/company_records/company-record-8n-3/,2026-10-01,bb156d6ac732a01558258a181110ffaf289257d468644ac449c143bf03f8de4c,pending_client_review,verbatim FRA English name field
Contact,fra:factoring:8,بلس للتخصيم,arabic,former_name_in_fra_text,FRA تخصيــــــــــم #8; company no. 6707926,https://fra.gov.eg/company_records/company-record-8n-3/,2026-10-01,bb156d6ac732a01558258a181110ffaf289257d468644ac449c143bf03f8de4c,pending_client_review,literal substring of the FRA Arabic name field marked سابقا
Contact,group:contact_financial_holding,Contact Financial Holding,latin,holding_company_on_site,,https://contact.eg/en/about,2026-10-01,9ed42d3e4c8588871dd796a5121fcb2d31973c02b6f73f334abf17f4e81ecb7e,pending_client_review,site: 'About Contact Financial Holding'
Contact,group:contact_financial_holding,كونتكت المالية القابضة,arabic,holding_company_on_site,,https://contact.eg/about,2026-10-01,23af8dfa0e7375245a38289f2cf5ae0b6d2f612a8b06d5a77b7437ed098c51e2,pending_client_review,site: 'نبذه عن كونتكت المالية القابضة'
Contact,brand:contact,كونتكت,arabic,brand_name,,https://contact.eg/,2026-10-01,1a0f28da89c1d0abf3fee7147e5fcae32022d1fd31626c3d705c3ad86986f3f3,pending_client_review,site title 'كونتكت | أول شركة تمويل استهلاكي في مصر'
Contact,brand:contact,Contact,latin,brand_name,,https://contact.eg/en,2026-10-01,651026d9e9b27ef650c67eb29bc3a46d7562b2defebd9552dc7f682b569bae2a,pending_client_review,also an everyday English word
Contact,brand:contact_cars,Contact Cars,latin,brand_name,,https://www.contactcars.com/en,2026-10-01,80025880576df3680bd60e84b83565bf8e8b99634f0b19cd2d498b83d5fbfa4a,pending_client_review,related car marketplace brand
Contact,brand:contact_cars,كونتكت كارز,arabic,brand_name,,https://www.contactcars.com/ar,2026-10-01,f7d42ac898feae492e9dc4d12eed4105b8c21d0fd38d1b350ba56db47d2192ce,pending_client_review,site title
Contact,related:sarwa,Sarwa Insurance,latin,related_entity_on_site,,https://contact.eg/en/about,2026-10-01,9ed42d3e4c8588871dd796a5121fcb2d31973c02b6f73f334abf17f4e81ecb7e,pending_client_review,management list: 'MD of Sarwa Insurance'; FRA #1 and #8 list sarwa.capital emails
Contact,related:contact_credit,Contact Credit,latin,related_entity_on_site,,https://contact.eg/en/about,2026-10-01,9ed42d3e4c8588871dd796a5121fcb2d31973c02b6f73f334abf17f4e81ecb7e,pending_client_review,management list: 'CEO of Contact Credit'; not matched to an FRA name yet
Souhoola,fra:consumer_finance:10,بي ام للتمويل الاستهلاكي سهوله SAE(سي اي للتمويل الاستهلاكي سهوله سابقا),mixed,fra_register_name_ar,FRA تمويل استهلاكي #10; company no. 5501167,https://fra.gov.eg/company_records/company-record-10n-2/,2026-10-01,8b8a8eba6a596c5f816b0032b6d4ecfcdfa87e97d6a9e16618f21a4b853e1e5f,pending_client_review,verbatim FRA Arabic name field
Souhoola,fra:consumer_finance:10,CI Consumer Finance Souhoola co.,latin,fra_register_name_en,FRA تمويل استهلاكي #10; company no. 5501167,https://fra.gov.eg/company_records/company-record-10n-2/,2026-10-01,8b8a8eba6a596c5f816b0032b6d4ecfcdfa87e97d6a9e16618f21a4b853e1e5f,pending_client_review,verbatim FRA English name field
Souhoola,fra:consumer_finance:10,سي اي للتمويل الاستهلاكي سهوله,arabic,former_name_in_fra_text,FRA تمويل استهلاكي #10; company no. 5501167,https://fra.gov.eg/company_records/company-record-10n-2/,2026-10-01,8b8a8eba6a596c5f816b0032b6d4ecfcdfa87e97d6a9e16618f21a4b853e1e5f,pending_client_review,literal substring of the FRA Arabic name field marked سابقا
Souhoola,fra:consumer_finance:10,"Souhoola, CI Consumer Finance",latin,site_title,,https://souhoola.com/,2026-10-01,e898e5db16113b26c17a72f10f512246a1d42f178f4ea3a5ac6f61144eeff273,pending_client_review,"page title, identical on /ar"
Souhoola,fra:consumer_finance:10,Contact Investment for Consumer Finance,latin,legal_name_stated_by_site,,https://souhoola.com/terms-conditions,2026-10-01,c093552798c9b6d951cc11a44f105704628f02e19800ad26ae61c5778a030eae,pending_client_review,"terms (Last Updated: February 2026): 'provided by Contact Investment for Consumer Finance (""Souhoola""...)'; address matches FRA #10; no FRA row with this English name found"
Souhoola,brand:souhoola,Souhoola,latin,brand_name,,https://souhoola.com/,2026-10-01,e898e5db16113b26c17a72f10f512246a1d42f178f4ea3a5ac6f61144eeff273,pending_client_review,site copyright '© 2026 Souhoola'
Souhoola,brand:souhoola,سهوله,arabic,brand_name_in_fra_text,,https://fra.gov.eg/company_records/company-record-10n-2/,2026-10-01,8b8a8eba6a596c5f816b0032b6d4ecfcdfa87e97d6a9e16618f21a4b853e1e5f,pending_client_review,Arabic brand only observed inside the FRA name; no Arabic text on the site
Aman,fra:consumer_finance:43,امان للتمويل الاستهلاكي,arabic,fra_register_name_ar,FRA تمويل استهلاكي #43; company no. 67639,https://fra.gov.eg/company_records/company-record-43n/,2026-10-01,1921a8fa46056d0e6269700db5c0b953df234da9f7ca629ba4814bdcee00b561,pending_client_review,verbatim FRA Arabic name field
Aman,fra:consumer_finance:43,Aman Consumer Finance (S.A.M),latin,fra_register_name_en,FRA تمويل استهلاكي #43; company no. 67639,https://fra.gov.eg/company_records/company-record-43n/,2026-10-01,1921a8fa46056d0e6269700db5c0b953df234da9f7ca629ba4814bdcee00b561,pending_client_review,verbatim FRA English name field
Aman,group:aman_holding,Aman Holding corp,latin,holding_company_on_site,,https://aman.eg/en/,2026-10-01,781cb5ee35abdcc5117baeb27693ce6eab1461a20c449a948b3407754cdd7a8d,pending_client_review,footer 'All rights reserved@Aman Holding corp'
Aman,group:aman_holding,شركة أمان القابضة,arabic,holding_company_on_site,,https://aman.eg/ar/home-%d8%a7%d9%84%d8%b9%d8%b1%d8%a8%d9%8a%d8%a9/,2026-10-01,459fde53e6c6281d59bb8b2b25b908ff3c90892a43520abb3e1a4d13dcc96544,pending_client_review,footer 'جميع الحقوق محفوظة @شركة أمان القابضة'
Aman,group:raya,Raya For Financial Investments,latin,parent_group,,https://aman.eg/en/about-aman/,2026-10-01,30095fcde11ac03dca8369162e54c69f404bc77c6fdc25646e79e12dd76caa05,pending_client_review,EN: 'A subsidiary Company of Raya For Financial Investments'; differs from the Arabic parent name
Aman,group:raya,راية للخدمات المالية,arabic,parent_group,,https://aman.eg/ar/%d8%b9%d9%86-%d8%a3%d9%85%d8%a7%d9%86/,2026-10-01,b72121515e7024be55df7d48235e3f749a17e8b34f684adb2acfd7aca0816232,pending_client_review,AR: 'إحدى شركات راية للخدمات المالية'; differs from the English parent name
Aman,brand:aman,أمان,arabic,brand_name,,https://aman.eg/ar/%d8%b9%d9%86-%d8%a3%d9%85%d8%a7%d9%86/,2026-10-01,b72121515e7024be55df7d48235e3f749a17e8b34f684adb2acfd7aca0816232,pending_client_review,also an everyday word ('safety')
Aman,brand:aman,Aman,latin,brand_name,,https://aman.eg/en/,2026-10-01,781cb5ee35abdcc5117baeb27693ce6eab1461a20c449a948b3407754cdd7a8d,pending_client_review,
Halan,fra:consumer_finance:23,حالا للتمويل الاستهلاكي,arabic,fra_register_name_ar,FRA تمويل استهلاكي #23; company no. 676006,https://fra.gov.eg/company_records/company-record-23n-3/,2026-10-01,036fb49c235ba772595f75e3c0a3c1af51a612dce2023fdb4541caa49957fb68,pending_client_review,verbatim FRA Arabic name field
Halan,fra:consumer_finance:23,Halan for consumer finance co.,latin,fra_register_name_en,FRA تمويل استهلاكي #23; company no. 676006,https://fra.gov.eg/company_records/company-record-23n-3/,2026-10-01,036fb49c235ba772595f75e3c0a3c1af51a612dce2023fdb4541caa49957fb68,pending_client_review,verbatim FRA English name field
Halan,fra:factoring:50,حالا لخدمات التمويل غير المصرفيه,arabic,fra_register_name_ar,FRA تخصيــــــــــم #50; company no. 6737,https://fra.gov.eg/company_records/company-record-50n-2/,2026-10-01,986529c981dab64044d35867ab258fe545a726a12471433592408d37741d50cf,pending_client_review,verbatim FRA Arabic name field
Halan,fra:factoring:50,No data exists,latin,fra_register_name_en_absent,FRA تخصيــــــــــم #50; company no. 6737,https://fra.gov.eg/company_records/company-record-50n-2/,2026-10-01,986529c981dab64044d35867ab258fe545a726a12471433592408d37741d50cf,pending_client_review,FRA shows no English name; none supplied by us
Halan,brand:halan,Halan,latin,brand_name,,https://halan.com/,2026-10-01,c46cb46ad64d7583a11f22a84385d68eec225bac3d9326de19b4d3e0570bb160,pending_client_review,"'© 2026, Halan All right reserved'"
Halan,brand:halan,Halan Consumer Finance,latin,brand_product_name,,https://halan.com/personal-lending/,2026-10-01,a263dbdd97ea2b8221dac54131099b8656a5390871d1483a2a661239195b92b0,pending_client_review,'Why Choose Halan Consumer Finance?'
Halan,brand:halan,حالا,arabic,brand_name,,https://halan.com/ar/about-us-2/,2026-10-01,303078d43d0811e3425edd6a8042d1ae35e6c7a056c4d165c90b13410989c608,pending_client_review,'شركة حالا في عام 2017'; also an everyday word ('right away')
